,president,subgroup,date,approve,approve_hi,approve_lo,disapprove,disapprove_hi,disapprove_lo,timestamp,spread,datetime,date_display
1,Joe Biden,Adults,05-25-22,39.72,43.853712,35.581935,54.28,59.218723,49.347126,13:29:30 25 May 2022,-14.57,2022-05-25 13:29:30,May. 25
4,Joe Biden,Adults,05-24-22,39.62,43.829725,35.40513,54.82,59.649962,49.998597,20:24:30 24 May 2022,-15.21,2022-05-24 20:24:30,May. 24
7,Joe Biden,Adults,05-23-22,40.28,44.386236,36.173263,54.22,58.923822,49.51719,21:28:30 23 May 2022,-13.94,2022-05-23 21:28:30,May. 23
13,Joe Biden,Adults,05-22-22,39.86,43.884241,35.839905,53.88,58.867182,48.890625,13:07:54 22 May 2022,-14.02,2022-05-22 13:07:54,May. 22
16,Joe Biden,Adults,05-20-22,39.86,43.884248,35.839898,53.88,58.86719,48.890617,12:59:29 20 May 2022,-14.02,2022-05-20 12:59:29,May. 20
19,Joe Biden,Adults,05-19-22,40.39,44.502532,36.285451,53.15,57.809819,48.494077,14:50:30 19 May 2022,-12.76,2022-05-19 14:50:30,May. 19
22,Joe Biden,Adults,05-18-22,40.53,44.854075,36.20299,52.82,57.602354,48.041093,14:09:28 18 May 2022,-12.29,2022-05-18 14:09:28,May. 18
25,Joe Biden,Adults,05-17-22,40.79,44.596438,36.97537,52.53,57.20191,47.859381,21:29:28 17 May 2022,-11.74,2022-05-17 21:29:28,May. 17
28,Joe Biden,Adults,05-16-22,40.78,44.529348,37.037512,52.39,57.061139,47.71498,20:06:28 16 May 2022,-11.6,2022-05-16 20:06:28,May. 16
31,Joe Biden,Adults,05-15-22,40.45,43.942756,36.955874,52.56,57.20914,47.913285,13:30:29 15 May 2022,-12.11,2022-05-15 13:30:29,May. 15
34,Joe Biden,Adults,05-13-22,40.57,44.09483,37.038762,52.16,56.71518,47.611936,09:40:28 13 May 2022,-11.6,2022-05-13 09:40:28,May. 13
37,Joe Biden,Adults,05-12-22,40.57,44.094828,37.038764,52.16,56.71517,47.611946,14:27:28 12 May 2022,-11.6,2022-05-12 14:27:28,May. 12
40,Joe Biden,Adults,05-11-22,41.0,44.522293,37.469909,51.33,55.644949,47.017849,13:49:29 11 May 2022,-10.34,2022-05-11 13:49:29,May. 11
43,Joe Biden,Adults,05-10-22,41.02,44.573165,37.470095,51.53,56.007968,47.044849,20:39:27 10 May 2022,-10.5,2022-05-10 20:39:27,May. 10
51,Joe Biden,Adults,05-09-22,42.21,45.917632,38.508935,52.38,56.655589,48.112768,09:47:23  9 May 2022,-10.17,2022-05-09 09:47:23,May. 09
54,Joe Biden,Adults,05-06-22,41.43,44.989655,37.865605,52.11,56.357642,47.870201,20:26:27  6 May 2022,-10.69,2022-05-06 20:26:27,May. 06
57,Joe Biden,Adults,05-05-22,41.58,45.141154,38.021602,52.02,56.344255,47.691151,12:28:28  5 May 2022,-10.44,2022-05-05 12:28:28,May. 05
60,Joe Biden,Adults,05-04-22,41.72,45.382887,38.052847,51.78,56.236457,47.331341,20:01:28  4 May 2022,-10.07,2022-05-04 20:01:28,May. 04
63,Joe Biden,Adults,05-03-22,41.65,45.505945,37.802493,51.42,55.432957,47.40423,20:05:27  3 May 2022,-9.76,2022-05-03 20:05:27,May. 03
66,Joe Biden,Adults,05-02-22,41.56,45.232827,37.88271,51.67,55.62984,47.709509,20:08:27  2 May 2022,-10.11,2022-05-02 20:08:27,May. 02
69,Joe Biden,Adults,05-01-22,41.42,45.079895,37.757841,51.2,55.040819,47.365331,13:25:28  1 May 2022,-9.78,2022-05-01 13:25:28,May. 01
72,Joe Biden,Adults,04-29-22,41.0,44.768956,37.23403,51.35,55.345011,47.361109,10:26:27 29 Apr 2022,-10.35,2022-04-29 10:26:27,Apr. 29
75,Joe Biden,Adults,04-28-22,40.79,44.726585,36.852847,51.76,55.936731,47.579582,15:07:27 28 Apr 2022,-10.97,2022-04-28 15:07:27,Apr. 28
78,Joe Biden,Adults,04-27-22,41.0,45.058808,36.946527,51.64,55.960717,47.32819,19:53:27 27 Apr 2022,-10.64,2022-04-27 19:53:27,Apr. 27
81,Joe Biden,Adults,04-26-22,40.71,44.977717,36.447488,52.48,57.132912,47.834515,20:32:18 26 Apr 2022,-11.77,2022-04-26 20:32:18,Apr. 26
90,Joe Biden,Adults,04-25-22,40.51,44.921639,36.105542,52.52,57.324268,47.708529,09:31:48 25 Apr 2022,-12.0,2022-04-25 09:31:48,Apr. 25
93,Joe Biden,Adults,04-22-22,40.51,44.921633,36.105548,52.52,57.324269,47.708527,14:43:26 22 Apr 2022,-12.0,2022-04-22 14:43:26,Apr. 22
96,Joe Biden,Adults,04-21-22,40.4,44.782829,36.015903,52.05,56.907432,47.194221,21:01:26 21 Apr 2022,-11.65,2022-04-21 21:01:26,Apr. 21
99,Joe Biden,Adults,04-20-22,41.27,45.96913,36.566462,51.22,56.358604,46.08147,09:52:26 20 Apr 2022,-9.95,2022-04-20 09:52:26,Apr. 20
102,Joe Biden,Adults,04-19-22,41.06,46.001522,36.119974,51.4,56.84212,45.949148,15:21:31 19 Apr 2022,-10.33,2022-04-19 15:21:31,Apr. 19
111,Joe Biden,Adults,04-18-22,40.93,45.718252,36.149371,51.35,56.74569,45.960896,09:28:48 18 Apr 2022,-10.42,2022-04-18 09:28:48,Apr. 18
114,Joe Biden,Adults,04-15-22,40.93,45.718263,36.14936,51.35,56.745686,45.9609,09:39:25 15 Apr 2022,-10.42,2022-04-15 09:39:25,Apr. 15
117,Joe Biden,Adults,04-14-22,40.93,45.718258,36.149365,51.35,56.745689,45.960897,09:46:26 14 Apr 2022,-10.42,2022-04-14 09:46:26,Apr. 14
120,Joe Biden,Adults,04-13-22,41.04,45.965729,36.111248,51.2,56.778455,45.625131,15:42:28 13 Apr 2022,-10.16,2022-04-13 15:42:28,Apr. 13
123,Joe Biden,Adults,04-12-22,42.08,46.233469,37.922744,51.1,56.884435,45.312902,09:47:25 12 Apr 2022,-9.02,2022-04-12 09:47:25,Apr. 12
126,Joe Biden,Adults,04-11-22,42.08,46.233466,37.922747,51.1,56.884422,45.312916,20:06:28 11 Apr 2022,-9.02,2022-04-11 20:06:28,Apr. 11
132,Joe Biden,Adults,04-10-22,41.52,46.00015,37.035328,51.62,55.74165,47.495473,16:06:45 10 Apr 2022,-10.1,2022-04-10 16:06:45,Apr. 10
135,Joe Biden,Adults,04-08-22,41.52,46.000151,37.035326,51.62,55.741658,47.495466,09:50:25  8 Apr 2022,-10.1,2022-04-08 09:50:25,Apr. 08
138,Joe Biden,Adults,04-07-22,41.52,46.000146,37.035332,51.62,55.741661,47.495462,22:00:28  7 Apr 2022,-10.1,2022-04-07 22:00:28,Apr. 07
141,Joe Biden,Adults,04-06-22,41.23,45.717781,36.749614,51.91,55.863524,47.962166,16:34:25  6 Apr 2022,-10.68,2022-04-06 16:34:25,Apr. 06
144,Joe Biden,Adults,04-05-22,41.1,45.856663,36.348102,52.18,56.502921,47.856015,19:57:24  5 Apr 2022,-11.08,2022-04-05 19:57:24,Apr. 05
153,Joe Biden,Adults,04-04-22,40.82,45.323737,36.31189,52.27,56.450673,48.09012,09:41:04  4 Apr 2022,-11.45,2022-04-04 09:41:04,Apr. 04
156,Joe Biden,Adults,04-01-22,40.82,45.323736,36.311891,52.27,56.450671,48.090122,10:19:25  1 Apr 2022,-11.45,2022-04-01 10:19:25,Apr. 01
159,Joe Biden,Adults,03-31-22,40.86,45.306146,36.407332,52.21,56.35163,48.06646,14:51:25 31 Mar 2022,-11.35,2022-03-31 14:51:25,Mar. 31
162,Joe Biden,Adults,03-30-22,41.03,45.71659,36.352588,52.16,56.476887,47.834622,14:06:24 30 Mar 2022,-11.12,2022-03-30 14:06:24,Mar. 30
165,Joe Biden,Adults,03-29-22,41.0,45.593168,36.400772,52.65,56.822858,48.470653,20:15:34 29 Mar 2022,-11.65,2022-03-29 20:15:34,Mar. 29
168,Joe Biden,Adults,03-28-22,40.8,45.469236,36.121155,52.88,57.102068,48.651213,20:09:25 28 Mar 2022,-12.08,2022-03-28 20:09:25,Mar. 28
174,Joe Biden,Adults,03-27-22,40.78,45.557126,36.007224,52.74,57.00512,48.477511,13:04:43 27 Mar 2022,-11.96,2022-03-27 13:04:43,Mar. 27
177,Joe Biden,Adults,03-25-22,40.78,45.557131,36.007219,52.74,57.005117,48.477514,09:42:23 25 Mar 2022,-11.96,2022-03-25 09:42:23,Mar. 25
180,Joe Biden,Adults,03-24-22,40.78,45.557125,36.007225,52.74,57.00512,48.477511,18:30:34 24 Mar 2022,-11.96,2022-03-24 18:30:34,Mar. 24
183,Joe Biden,Adults,03-23-22,40.62,45.600443,35.635264,52.2,56.335013,48.070816,20:22:23 23 Mar 2022,-11.59,2022-03-23 20:22:23,Mar. 23
186,Joe Biden,Adults,03-22-22,41.39,45.736045,37.039099,52.96,57.109862,48.800663,16:32:23 22 Mar 2022,-11.57,2022-03-22 16:32:23,Mar. 22
189,Joe Biden,Adults,03-21-22,41.86,46.270697,37.45831,52.67,56.847101,48.499395,15:08:23 21 Mar 2022,-10.81,2022-03-21 15:08:23,Mar. 21
195,Joe Biden,Adults,03-18-22,41.47,45.739398,37.195777,52.89,57.069598,48.705195,09:35:24 18 Mar 2022,-11.42,2022-03-18 09:35:24,Mar. 18
198,Joe Biden,Adults,03-17-22,41.47,45.739405,37.195771,52.89,57.069595,48.705199,11:50:23 17 Mar 2022,-11.42,2022-03-17 11:50:23,Mar. 17
201,Joe Biden,Adults,03-16-22,42.25,46.65244,37.839729,52.39,56.742526,48.027773,14:54:23 16 Mar 2022,-10.14,2022-03-16 14:54:23,Mar. 16
204,Joe Biden,Adults,03-15-22,42.58,46.916557,38.236632,52.33,56.962961,47.700302,21:03:23 15 Mar 2022,-9.76,2022-03-15 21:03:23,Mar. 15
207,Joe Biden,Adults,03-14-22,42.99,47.749698,38.235533,51.24,55.963083,46.519107,21:52:22 14 Mar 2022,-8.25,2022-03-14 21:52:22,Mar. 14
213,Joe Biden,Adults,03-13-22,42.76,47.572837,37.938623,50.0,54.265941,45.726808,15:16:40 13 Mar 2022,-7.24,2022-03-13 15:16:40,Mar. 13
216,Joe Biden,Adults,03-11-22,42.76,47.57283,37.93863,50.0,54.265942,45.726806,09:49:22 11 Mar 2022,-7.24,2022-03-11 09:49:22,Mar. 11
219,Joe Biden,Adults,03-10-22,42.76,47.572832,37.938629,50.0,54.265945,45.726804,21:46:21 10 Mar 2022,-7.24,2022-03-10 21:46:21,Mar. 10
222,Joe Biden,Adults,03-09-22,42.96,47.919011,37.99804,49.85,54.235303,45.469842,11:18:21  9 Mar 2022,-6.89,2022-03-09 11:18:21,Mar. 09
225,Joe Biden,Adults,03-08-22,42.98,48.066113,37.902679,50.26,54.680577,45.836388,19:38:21  8 Mar 2022,-7.27,2022-03-08 19:38:21,Mar. 08
234,Joe Biden,Adults,03-07-22,43.08,47.874339,38.282993,51.58,55.780242,47.373377,08:58:56  7 Mar 2022,-8.5,2022-03-07 08:58:56,Mar. 07
237,Joe Biden,Adults,03-04-22,43.08,47.874332,38.282999,51.58,55.780237,47.373382,12:25:21  4 Mar 2022,-8.5,2022-03-04 12:25:21,Mar. 04
240,Joe Biden,Adults,03-03-22,41.39,45.765325,37.017551,52.49,56.723074,48.25229,10:01:21  3 Mar 2022,-11.1,2022-03-03 10:01:21,Mar. 03
243,Joe Biden,Adults,03-02-22,41.41,45.887303,36.932195,52.59,56.839646,48.339641,21:33:21  2 Mar 2022,-11.18,2022-03-02 21:33:21,Mar. 02
246,Joe Biden,Adults,03-01-22,41.25,45.785255,36.705435,53.14,57.055512,49.225661,20:24:21  1 Mar 2022,-11.9,2022-03-01 20:24:21,Mar. 01
249,Joe Biden,Adults,02-28-22,40.82,45.25621,36.38809,52.7,56.57315,48.81985,17:03:13 28 Feb 2022,-11.87,2022-02-28 17:03:13,Feb. 28
255,Joe Biden,Adults,02-27-22,41.44,45.618408,37.251816,52.97,57.139121,48.800819,13:01:43 27 Feb 2022,-11.53,2022-02-27 13:01:43,Feb. 27
258,Joe Biden,Adults,02-25-22,41.44,45.618409,37.251816,52.97,57.139124,48.800817,16:28:21 25 Feb 2022,-11.53,2022-02-25 16:28:21,Feb. 25
261,Joe Biden,Adults,02-24-22,41.39,45.631082,37.146152,53.02,57.327564,48.707459,21:56:22 24 Feb 2022,-11.63,2022-02-24 21:56:22,Feb. 24
264,Joe Biden,Adults,02-23-22,41.42,45.951648,36.885448,52.74,57.236688,48.24359,15:34:21 23 Feb 2022,-11.32,2022-02-23 15:34:21,Feb. 23
270,Joe Biden,Adults,02-22-22,41.36,46.040622,36.689088,53.27,57.915676,48.616949,09:09:39 22 Feb 2022,-11.9,2022-02-22 09:09:39,Feb. 22
276,Joe Biden,Adults,02-20-22,40.8,45.488951,36.116451,52.43,56.764696,48.102951,13:15:38 20 Feb 2022,-11.63,2022-02-20 13:15:38,Feb. 20
279,Joe Biden,Adults,02-18-22,40.8,45.48896,36.116442,52.43,56.764706,48.102941,13:15:22 18 Feb 2022,-11.63,2022-02-18 13:15:22,Feb. 18
282,Joe Biden,Adults,02-17-22,40.8,45.488951,36.116451,52.43,56.764696,48.102951,14:52:33 17 Feb 2022,-11.63,2022-02-17 14:52:33,Feb. 17
285,Joe Biden,Adults,02-16-22,40.87,45.694204,36.037423,52.52,56.957917,48.089644,14:03:21 16 Feb 2022,-11.66,2022-02-16 14:03:21,Feb. 16
288,Joe Biden,Adults,02-15-22,41.51,45.674196,37.349016,52.62,57.201315,48.029107,20:46:22 15 Feb 2022,-11.1,2022-02-15 20:46:22,Feb. 15
291,Joe Biden,Adults,02-14-22,41.54,45.50776,37.566351,52.88,57.383565,48.378503,09:39:20 14 Feb 2022,-11.34,2022-02-14 09:39:20,Feb. 14
297,Joe Biden,Adults,02-13-22,40.7,44.580107,36.818265,52.02,56.287629,47.748122,13:12:38 13 Feb 2022,-11.32,2022-02-13 13:12:38,Feb. 13
300,Joe Biden,Adults,02-11-22,40.7,44.580098,36.818274,52.02,56.287618,47.748133,13:21:20 11 Feb 2022,-11.32,2022-02-11 13:21:20,Feb. 11
303,Joe Biden,Adults,02-10-22,40.7,44.580116,36.818256,52.02,56.287627,47.748124,16:31:22 10 Feb 2022,-11.32,2022-02-10 16:31:22,Feb. 10
306,Joe Biden,Adults,02-09-22,40.86,44.899128,36.82569,51.83,56.101082,47.555899,21:39:20  9 Feb 2022,-10.97,2022-02-09 21:39:20,Feb. 09
309,Joe Biden,Adults,02-08-22,40.59,44.75328,36.420533,52.31,56.899136,47.71101,19:56:21  8 Feb 2022,-11.72,2022-02-08 19:56:21,Feb. 08
318,Joe Biden,Adults,02-07-22,41.23,45.324089,37.142374,52.77,57.135225,48.396131,09:45:52  7 Feb 2022,-11.53,2022-02-07 09:45:52,Feb. 07
321,Joe Biden,Adults,02-04-22,41.23,45.324079,37.142383,52.77,57.135226,48.39613,09:34:21  4 Feb 2022,-11.53,2022-02-04 09:34:21,Feb. 04
324,Joe Biden,Adults,02-03-22,41.23,45.324089,37.142374,52.77,57.135225,48.396131,20:47:20  3 Feb 2022,-11.53,2022-02-03 20:47:20,Feb. 03
327,Joe Biden,Adults,02-02-22,41.87,46.125909,37.607824,52.04,56.406953,47.679324,14:50:21  2 Feb 2022,-10.18,2022-02-02 14:50:21,Feb. 02
330,Joe Biden,Adults,02-01-22,41.58,45.934187,37.234388,52.51,56.695785,48.314842,11:28:20  1 Feb 2022,-10.92,2022-02-01 11:28:20,Feb. 01
336,Joe Biden,Adults,01-31-22,41.58,45.934188,37.234388,52.51,56.695797,48.31483,09:46:35 31 Jan 2022,-10.92,2022-01-31 09:46:35,Jan. 31
339,Joe Biden,Adults,01-29-22,41.58,45.934178,37.234398,52.51,56.695786,48.314841,20:44:20 29 Jan 2022,-10.92,2022-01-29 20:44:20,Jan. 29
342,Joe Biden,Adults,01-28-22,41.58,46.019669,37.144522,52.34,56.493579,48.194076,14:12:20 28 Jan 2022,-10.76,2022-01-28 14:12:20,Jan. 28
345,Joe Biden,Adults,01-27-22,41.72,46.345496,37.102304,52.43,56.674655,48.186281,20:52:20 27 Jan 2022,-10.71,2022-01-27 20:52:20,Jan. 27
348,Joe Biden,Adults,01-26-22,41.21,45.672778,36.745547,52.73,57.058659,48.397772,18:51:19 26 Jan 2022,-11.52,2022-01-26 18:51:19,Jan. 26
351,Joe Biden,Adults,01-25-22,42.12,46.424387,37.817832,53.03,57.569846,48.491691,14:31:20 25 Jan 2022,-10.91,2022-01-25 14:31:20,Jan. 25
354,Joe Biden,Adults,01-24-22,41.71,46.172447,37.243866,52.79,57.466565,48.122303,19:55:20 24 Jan 2022,-11.09,2022-01-24 19:55:20,Jan. 24
360,Joe Biden,Adults,01-23-22,41.71,46.172447,37.243866,52.79,57.466565,48.122303,12:42:34 23 Jan 2022,-11.09,2022-01-23 12:42:34,Jan. 23
363,Joe Biden,Adults,01-21-22,41.71,46.172447,37.243866,52.79,57.466565,48.122303,09:40:20 21 Jan 2022,-11.09,2022-01-21 09:40:20,Jan. 21
366,Joe Biden,Adults,01-20-22,41.76,46.356604,37.167129,52.54,57.355238,47.722956,21:04:19 20 Jan 2022,-10.78,2022-01-20 21:04:19,Jan. 20
369,Joe Biden,Adults,01-19-22,41.75,47.03441,36.458802,51.53,56.538476,46.512222,17:31:19 19 Jan 2022,-9.78,2022-01-19 17:31:19,Jan. 19
372,Joe Biden,Adults,01-18-22,42.27,47.525563,37.012073,51.87,56.97401,46.759181,20:35:19 18 Jan 2022,-9.6,2022-01-18 20:35:19,Jan. 18
375,Joe Biden,Adults,01-17-22,42.5,47.916046,37.08207,51.39,56.369216,46.41308,12:18:18 17 Jan 2022,-8.89,2022-01-17 12:18:18,Jan. 17
381,Joe Biden,Adults,01-16-22,41.92,47.525126,36.314459,50.36,54.699497,46.022983,13:18:32 16 Jan 2022,-8.44,2022-01-16 13:18:32,Jan. 16
384,Joe Biden,Adults,01-14-22,41.92,47.525126,36.314459,50.36,54.699497,46.022983,14:09:19 14 Jan 2022,-8.44,2022-01-14 14:09:19,Jan. 14
387,Joe Biden,Adults,01-13-22,41.92,47.525126,36.314459,50.36,54.699497,46.022983,20:36:18 13 Jan 2022,-8.44,2022-01-13 20:36:18,Jan. 13
390,Joe Biden,Adults,01-12-22,41.65,47.409903,35.886848,50.4,54.957321,45.843482,14:17:19 12 Jan 2022,-8.75,2022-01-12 14:17:19,Jan. 12
393,Joe Biden,Adults,01-11-22,42.87,46.906508,38.832121,50.12,54.572749,45.665161,09:54:18 11 Jan 2022,-7.25,2022-01-11 09:54:18,Jan. 11
402,Joe Biden,Adults,01-10-22,42.57,47.006502,38.12739,50.49,53.989295,46.999965,09:32:44 10 Jan 2022,-7.93,2022-01-10 09:32:44,Jan. 10
405,Joe Biden,Adults,01-07-22,42.57,47.006502,38.12739,50.49,53.989295,46.999965,10:50:19  7 Jan 2022,-7.93,2022-01-07 10:50:19,Jan. 07
408,Joe Biden,Adults,01-06-22,42.55,46.997562,38.106784,50.35,53.944773,46.750197,16:19:18  6 Jan 2022,-7.8,2022-01-06 16:19:18,Jan. 06
411,Joe Biden,Adults,01-05-22,43.09,48.381362,37.793357,50.11,54.186402,46.034119,11:52:18  5 Jan 2022,-7.02,2022-01-05 11:52:18,Jan. 05
414,Joe Biden,Adults,01-04-22,43.38,48.227468,38.539626,50.11,54.598575,45.627662,14:18:18  4 Jan 2022,-6.73,2022-01-04 14:18:18,Jan. 04
423,Joe Biden,Adults,01-03-22,43.38,48.227697,38.539558,50.11,54.598622,45.627132,09:43:42  3 Jan 2022,-6.73,2022-01-03 09:43:42,Jan. 03
426,Joe Biden,Adults,12-31-21,43.38,48.227697,38.539558,50.11,54.598622,45.627132,09:12:18 31 Dec 2021,-6.73,2021-12-31 09:12:18,Dec. 31
429,Joe Biden,Adults,12-30-21,43.38,48.227697,38.539558,50.11,54.598622,45.627132,09:43:17 30 Dec 2021,-6.73,2021-12-30 09:43:17,Dec. 30
432,Joe Biden,Adults,12-29-21,43.18,47.972546,38.397256,50.17,54.764086,45.581782,09:33:18 29 Dec 2021,-6.99,2021-12-29 09:33:18,Dec. 29
435,Joe Biden,Adults,12-28-21,43.18,47.972546,38.397256,50.17,54.764086,45.581782,09:38:18 28 Dec 2021,-6.99,2021-12-28 09:38:18,Dec. 28
447,Joe Biden,Adults,12-27-21,43.18,47.972546,38.397256,50.17,54.764086,45.581782,08:50:56 27 Dec 2021,-6.99,2021-12-27 08:50:56,Dec. 27
450,Joe Biden,Adults,12-23-21,43.18,47.972546,38.397256,50.17,54.764086,45.581782,15:05:18 23 Dec 2021,-6.99,2021-12-23 15:05:18,Dec. 23
453,Joe Biden,Adults,12-22-21,43.2,48.023481,38.369112,50.17,54.772466,45.564916,12:21:18 22 Dec 2021,-6.97,2021-12-22 12:21:18,Dec. 22
456,Joe Biden,Adults,12-21-21,43.71,48.332894,39.096084,50.44,55.175257,45.712997,20:53:17 21 Dec 2021,-6.73,2021-12-21 20:53:17,Dec. 21
465,Joe Biden,Adults,12-20-21,43.83,48.662169,39.005238,49.39,53.826096,44.963845,09:28:42 20 Dec 2021,-5.56,2021-12-20 09:28:42,Dec. 20
468,Joe Biden,Adults,12-17-21,43.83,48.662197,39.00521,49.39,53.826126,44.963815,16:48:16 17 Dec 2021,-5.56,2021-12-17 16:48:16,Dec. 17
471,Joe Biden,Adults,12-16-21,43.48,48.15934,38.809639,49.79,54.107291,45.46545,15:07:17 16 Dec 2021,-6.3,2021-12-16 15:07:17,Dec. 16
474,Joe Biden,Adults,12-15-21,43.58,48.405819,38.744634,49.7,54.124321,45.275716,20:27:17 15 Dec 2021,-6.12,2021-12-15 20:27:17,Dec. 15
477,Joe Biden,Adults,12-14-21,43.3,47.921243,38.673633,49.65,54.286784,45.004899,14:02:18 14 Dec 2021,-6.35,2021-12-14 14:02:18,Dec. 14
486,Joe Biden,Adults,12-13-21,43.3,47.921243,38.673633,49.65,54.286784,45.004899,09:38:40 13 Dec 2021,-6.35,2021-12-13 09:38:40,Dec. 13
489,Joe Biden,Adults,12-10-21,43.3,47.921215,38.673661,49.65,54.286754,45.004929,21:00:21 10 Dec 2021,-6.35,2021-12-10 21:00:21,Dec. 10
492,Joe Biden,Adults,12-09-21,42.75,47.05754,38.438705,49.99,54.696564,45.281418,13:02:17  9 Dec 2021,-7.24,2021-12-09 13:02:17,Dec. 09
495,Joe Biden,Adults,12-08-21,42.62,46.903693,38.327317,49.68,54.823783,44.530952,11:56:16  8 Dec 2021,-7.06,2021-12-08 11:56:16,Dec. 08
498,Joe Biden,Adults,12-07-21,43.47,47.47884,39.455754,49.59,55.02998,44.143956,20:13:16  7 Dec 2021,-6.12,2021-12-07 20:13:16,Dec. 07
507,Joe Biden,Adults,12-06-21,43.16,47.528683,38.796784,50.37,54.332591,46.39928,09:39:39  6 Dec 2021,-7.2,2021-12-06 09:39:39,Dec. 06
510,Joe Biden,Adults,12-03-21,43.16,47.528712,38.796755,50.37,54.332623,46.399249,09:31:16  3 Dec 2021,-7.2,2021-12-03 09:31:16,Dec. 03
513,Joe Biden,Adults,12-02-21,43.16,47.528712,38.796755,50.37,54.332623,46.399249,21:34:16  2 Dec 2021,-7.2,2021-12-02 21:34:16,Dec. 02
516,Joe Biden,Adults,12-01-21,43.03,47.529308,38.535439,50.47,54.598804,46.345647,13:15:16  1 Dec 2021,-7.44,2021-12-01 13:15:16,Dec. 01
519,Joe Biden,Adults,11-30-21,43.17,47.788477,38.545324,50.76,55.047606,46.470149,20:29:31 30 Nov 2021,-7.59,2021-11-30 20:29:31,Nov. 30
534,Joe Biden,Adults,11-29-21,42.99,47.322284,38.665263,50.73,54.791611,46.659848,09:18:00 29 Nov 2021,-7.73,2021-11-29 09:18:00,Nov. 29
537,Joe Biden,Adults,11-24-21,42.99,47.322313,38.665234,50.73,54.791642,46.659816,11:41:16 24 Nov 2021,-7.73,2021-11-24 11:41:16,Nov. 24
540,Joe Biden,Adults,11-23-21,43.12,47.687779,38.545224,51.49,55.712429,47.27744,20:21:15 23 Nov 2021,-8.38,2021-11-23 20:21:15,Nov. 23
543,Joe Biden,Adults,11-22-21,42.95,47.697802,38.208945,51.41,55.813885,47.012256,14:23:15 22 Nov 2021,-8.46,2021-11-22 14:23:15,Nov. 22
549,Joe Biden,Adults,11-21-21,42.6,47.521686,37.670142,50.74,54.867069,46.612632,13:25:27 21 Nov 2021,-8.14,2021-11-21 13:25:27,Nov. 21
552,Joe Biden,Adults,11-19-21,42.6,47.521686,37.670142,50.74,54.867069,46.612632,14:55:16 19 Nov 2021,-8.14,2021-11-19 14:55:16,Nov. 19
555,Joe Biden,Adults,11-18-21,42.57,47.497593,37.652139,50.73,54.865547,46.59851,21:20:17 18 Nov 2021,-8.16,2021-11-18 21:20:17,Nov. 18
558,Joe Biden,Adults,11-17-21,43.5,47.642289,39.360904,50.42,54.569763,46.275697,09:39:16 17 Nov 2021,-6.92,2021-11-17 09:39:16,Nov. 17
561,Joe Biden,Adults,11-16-21,43.38,47.659551,39.107258,50.78,54.992847,46.560527,09:42:15 16 Nov 2021,-7.39,2021-11-16 09:42:15,Nov. 16
564,Joe Biden,Adults,11-15-21,43.35,47.641352,39.060976,50.72,54.955779,46.485995,20:17:15 15 Nov 2021,-7.37,2021-11-15 20:17:15,Nov. 15
570,Joe Biden,Adults,11-14-21,43.62,48.009714,39.223902,49.97,54.116964,45.826675,13:13:25 14 Nov 2021,-6.36,2021-11-14 13:13:25,Nov. 14
573,Joe Biden,Adults,11-12-21,43.62,48.009714,39.223902,49.97,54.116964,45.826675,16:09:14 12 Nov 2021,-6.36,2021-11-12 16:09:14,Nov. 12
576,Joe Biden,Adults,11-11-21,43.62,48.009714,39.223902,49.97,54.116964,45.826675,12:28:15 11 Nov 2021,-6.36,2021-11-11 12:28:15,Nov. 11
579,Joe Biden,Adults,11-10-21,43.69,48.206804,39.1799,49.84,54.079967,45.591591,20:20:16 10 Nov 2021,-6.14,2021-11-10 20:20:16,Nov. 10
582,Joe Biden,Adults,11-09-21,43.77,48.634066,38.905898,50.21,54.784489,45.631084,09:39:15  9 Nov 2021,-6.44,2021-11-09 09:39:15,Nov. 09
585,Joe Biden,Adults,11-08-21,43.65,48.645132,38.658416,49.69,54.077745,45.3108,12:50:15  8 Nov 2021,-6.04,2021-11-08 12:50:15,Nov. 08
591,Joe Biden,Adults,11-07-21,43.23,48.179146,38.274151,49.51,53.890469,45.131368,13:54:28  7 Nov 2021,-6.28,2021-11-07 13:54:28,Nov. 07
594,Joe Biden,Adults,11-05-21,43.23,48.179146,38.274151,49.51,53.890469,45.131368,13:00:20  5 Nov 2021,-6.28,2021-11-05 13:00:20,Nov. 05
597,Joe Biden,Adults,11-04-21,43.23,48.17918,38.274118,49.51,53.890508,45.13133,20:33:28  4 Nov 2021,-6.28,2021-11-04 20:33:28,Nov. 04
600,Joe Biden,Adults,11-03-21,42.92,47.829437,38.007546,49.79,54.228242,45.342651,11:58:14  3 Nov 2021,-6.87,2021-11-03 11:58:14,Nov. 03
603,Joe Biden,Adults,11-02-21,43.08,48.05767,38.10294,49.74,54.30236,45.17045,11:58:15  2 Nov 2021,-6.66,2021-11-02 11:58:15,Nov. 02
606,Joe Biden,Adults,11-01-21,42.96,47.84579,38.0683,49.7,54.19978,45.19582,13:58:14  1 Nov 2021,-6.74,2021-11-01 13:58:14,Nov. 01
609,Joe Biden,Adults,10-31-21,43.39,48.19471,38.57981,50.37,54.67816,46.05935,12:39:14 31 Oct 2021,-6.98,2021-10-31 12:39:14,Oct. 31
612,Joe Biden,Adults,10-30-21,43.36,48.2936,38.43287,49.93,54.10301,45.75431,10:46:14 30 Oct 2021,-6.57,2021-10-30 10:46:14,Oct. 30
615,Joe Biden,Adults,10-29-21,43.36,48.29357,38.4329,49.93,54.10297,45.75436,13:50:14 29 Oct 2021,-6.57,2021-10-29 13:50:14,Oct. 29
618,Joe Biden,Adults,10-28-21,43.36,48.2936,38.43287,49.93,54.10301,45.75431,21:13:14 28 Oct 2021,-6.57,2021-10-28 21:13:14,Oct. 28
621,Joe Biden,Adults,10-27-21,43.09,48.17592,38.01147,49.51,53.91731,45.09698,18:12:03 27 Oct 2021,-6.41,2021-10-27 18:12:03,Oct. 27
624,Joseph R. Biden Jr.,Adults,10-26-21,42.93,48.138978,37.715725,49.52,54.027718,45.004914,09:40:13 26 Oct 2021,-6.59,2021-10-26 09:40:13,Oct. 26
633,Joseph R. Biden Jr.,Adults,10-25-21,42.72,48.167347,37.280347,48.95,53.39369,44.496407,09:47:30 25 Oct 2021,-6.22,2021-10-25 09:47:30,Oct. 25
636,Joseph R. Biden Jr.,Adults,10-22-21,42.72,48.167383,37.280311,48.95,53.393731,44.496366,20:48:12 22 Oct 2021,-6.22,2021-10-22 20:48:12,Oct. 22
639,Joseph R. Biden Jr.,Adults,10-21-21,42.71,48.233176,37.19033,48.99,53.560886,44.4181,17:15:15 21 Oct 2021,-6.28,2021-10-21 17:15:15,Oct. 21
642,Joseph R. Biden Jr.,Adults,10-20-21,42.82,48.592388,37.043368,48.93,53.717564,44.133423,20:39:12 20 Oct 2021,-6.11,2021-10-20 20:39:12,Oct. 20
645,Joseph R. Biden Jr.,Adults,10-19-21,43.85,49.715136,37.976513,49.29,54.396375,44.186638,16:01:13 19 Oct 2021,-5.45,2021-10-19 16:01:13,Oct. 19
654,Joseph R. Biden Jr.,Adults,10-18-21,45.01,50.09462,39.929302,48.83,53.967463,43.687314,09:16:30 18 Oct 2021,-3.82,2021-10-18 09:16:30,Oct. 18
657,Joseph R. Biden Jr.,Adults,10-15-21,45.01,50.094582,39.92934,48.83,53.96742,43.687357,13:12:13 15 Oct 2021,-3.82,2021-10-15 13:12:13,Oct. 15
660,Joseph R. Biden Jr.,Adults,10-14-21,44.97,50.0619,39.885275,48.82,53.981062,43.663305,21:09:13 14 Oct 2021,-3.85,2021-10-14 21:09:13,Oct. 14
663,Joseph R. Biden Jr.,Adults,10-13-21,44.93,50.201202,39.666319,48.77,54.11574,43.417333,12:47:12 13 Oct 2021,-3.83,2021-10-13 12:47:12,Oct. 13
666,Joseph R. Biden Jr.,Adults,10-12-21,45.01,50.069433,39.95672,48.18,53.712793,42.644506,09:33:13 12 Oct 2021,-3.17,2021-10-12 09:33:13,Oct. 12
669,Joseph R. Biden Jr.,Adults,10-11-21,45.01,50.069396,39.956758,48.18,53.712749,42.644549,14:30:16 11 Oct 2021,-3.17,2021-10-11 14:30:16,Oct. 11
675,Joseph R. Biden Jr.,Adults,10-10-21,43.73,48.572824,38.893213,48.0,53.674144,42.330554,12:59:20 10 Oct 2021,-4.27,2021-10-10 12:59:20,Oct. 10
678,Joseph R. Biden Jr.,Adults,10-08-21,43.73,48.572824,38.893213,48.0,53.674144,42.330554,14:03:13  8 Oct 2021,-4.27,2021-10-08 14:03:13,Oct. 08
681,Joseph R. Biden Jr.,Adults,10-07-21,43.73,48.572786,38.893251,48.0,53.674101,42.330597,21:01:12  7 Oct 2021,-4.27,2021-10-07 21:01:12,Oct. 07
684,Joseph R. Biden Jr.,Adults,10-06-21,43.38,48.137254,38.619542,48.18,53.99141,42.371904,20:00:13  6 Oct 2021,-4.8,2021-10-06 20:00:13,Oct. 06
687,Joseph R. Biden Jr.,Adults,10-05-21,44.59,48.822188,40.358303,46.89,52.829,40.942859,20:25:12  5 Oct 2021,-2.3,2021-10-05 20:25:12,Oct. 05
690,Joseph R. Biden Jr.,Adults,10-04-21,44.65,48.869899,40.438837,46.64,52.528847,40.750177,13:15:11  4 Oct 2021,-1.99,2021-10-04 13:15:11,Oct. 04
696,Joseph R. Biden Jr.,Adults,10-03-21,44.8,49.267677,40.339763,47.75,53.030839,42.473887,20:34:20  3 Oct 2021,-2.95,2021-10-03 20:34:20,Oct. 03
699,Joseph R. Biden Jr.,Adults,10-01-21,44.8,49.267677,40.339763,47.75,53.030839,42.473887,10:23:11  1 Oct 2021,-2.95,2021-10-01 10:23:11,Oct. 01
702,Joseph R. Biden Jr.,Adults,09-30-21,44.54,48.779503,40.30906,47.71,53.190446,42.230321,23:12:12 30 Sep 2021,-3.17,2021-09-30 23:12:12,Sep. 30
705,Joseph R. Biden Jr.,Adults,09-29-21,44.42,48.950277,39.89892,48.2,54.086808,42.309027,09:51:10 29 Sep 2021,-3.77,2021-09-29 09:51:10,Sep. 29
708,Joseph R. Biden Jr.,Adults,09-28-21,44.92,48.988322,40.853871,48.08,54.045708,42.119189,09:39:12 28 Sep 2021,-3.16,2021-09-28 09:39:12,Sep. 28
717,Joseph R. Biden Jr.,Adults,09-27-21,44.87,48.923542,40.817871,48.12,54.091534,42.152934,09:35:51 27 Sep 2021,-3.25,2021-09-27 09:35:51,Sep. 27
720,Joseph R. Biden Jr.,Adults,09-24-21,44.87,48.923501,40.817912,48.12,54.091483,42.152985,14:49:10 24 Sep 2021,-3.25,2021-09-24 14:49:10,Sep. 24
723,Joseph R. Biden Jr.,Adults,09-23-21,45.22,49.251772,41.188433,47.48,53.365515,41.58487,14:35:10 23 Sep 2021,-2.26,2021-09-23 14:35:10,Sep. 23
726,Joseph R. Biden Jr.,Adults,09-22-21,45.94,50.319715,41.552406,47.75,52.544759,42.962307,17:27:10 22 Sep 2021,-1.82,2021-09-22 17:27:10,Sep. 22
729,Joseph R. Biden Jr.,Adults,09-21-21,46.18,50.751326,41.599666,47.57,52.44096,42.692043,16:18:11 21 Sep 2021,-1.39,2021-09-21 16:18:11,Sep. 21
732,Joseph R. Biden Jr.,Adults,09-20-21,45.63,49.943857,41.310945,47.77,52.719239,42.826264,13:32:11 20 Sep 2021,-2.15,2021-09-20 13:32:11,Sep. 20
738,Joseph R. Biden Jr.,Adults,09-19-21,45.52,49.816727,41.225437,47.81,52.754575,42.871149,13:37:16 19 Sep 2021,-2.29,2021-09-19 13:37:16,Sep. 19
741,Joseph R. Biden Jr.,Adults,09-17-21,45.52,49.816727,41.225437,47.81,52.754575,42.871149,13:01:56 17 Sep 2021,-2.29,2021-09-17 13:01:56,Sep. 17
744,Joseph R. Biden Jr.,Adults,09-16-21,45.45,49.752337,41.152388,47.75,52.716586,42.787076,19:01:10 16 Sep 2021,-2.3,2021-09-16 19:01:10,Sep. 16
747,Joseph R. Biden Jr.,Adults,09-15-21,45.49,50.078693,40.90806,47.61,52.853442,42.373786,14:20:10 15 Sep 2021,-2.12,2021-09-15 14:20:10,Sep. 15
750,Joseph R. Biden Jr.,Adults,09-14-21,45.56,50.268778,40.846693,47.69,53.049536,42.32367,14:59:10 14 Sep 2021,-2.13,2021-09-14 14:59:10,Sep. 14
759,Joseph R. Biden Jr.,Adults,09-13-21,45.58,50.289658,40.874291,46.95,52.500638,41.393652,08:56:22 13 Sep 2021,-1.37,2021-09-13 08:56:22,Sep. 13
762,Joseph R. Biden Jr.,Adults,09-10-21,45.58,50.286749,40.87206,46.95,52.500158,41.393676,18:35:10 10 Sep 2021,-1.37,2021-09-10 18:35:10,Sep. 10
765,Joseph R. Biden Jr.,Adults,09-09-21,44.38,48.973546,39.789109,46.61,52.229658,40.986924,21:02:11  9 Sep 2021,-2.23,2021-09-09 21:02:11,Sep. 09
768,Joseph R. Biden Jr.,Adults,09-08-21,44.27,49.143973,39.392043,48.08,52.91223,43.242263,09:25:10  8 Sep 2021,-3.81,2021-09-08 09:25:10,Sep. 08
771,Joseph R. Biden Jr.,Adults,09-07-21,44.97,49.41532,40.531551,47.7,52.454049,42.94102,18:34:11  7 Sep 2021,-2.72,2021-09-07 18:34:11,Sep. 07
780,Joseph R. Biden Jr.,Adults,09-06-21,45.63,50.218188,41.032803,48.07,52.740562,43.403697,09:56:22  6 Sep 2021,-2.45,2021-09-06 09:56:22,Sep. 06
783,Joseph R. Biden Jr.,Adults,09-03-21,45.62,50.214395,41.021141,48.08,52.749302,43.406912,10:34:10  3 Sep 2021,-2.46,2021-09-03 10:34:10,Sep. 03
786,Joseph R. Biden Jr.,Adults,09-02-21,46.62,51.366796,41.878631,47.02,51.658482,42.38656,20:05:10  2 Sep 2021,-0.4,2021-09-02 20:05:10,Sep. 02
789,Joseph R. Biden Jr.,Adults,09-01-21,48.17,52.632635,43.710681,45.53,49.788347,41.273706,21:04:10  1 Sep 2021,2.64,2021-09-01 21:04:10,Sep. 01
792,Joseph R. Biden Jr.,Adults,08-31-21,48.52,52.795961,44.248257,45.94,50.328984,41.554847,21:06:10 31 Aug 2021,2.58,2021-08-31 21:06:10,Aug. 31
801,Joseph R. Biden Jr.,Adults,08-30-21,48.48,52.796987,44.154072,45.63,50.070669,41.195863,08:13:21 30 Aug 2021,2.84,2021-08-30 08:13:21,Aug. 30
804,Joseph R. Biden Jr.,Adults,08-27-21,48.48,52.796987,44.154072,45.63,50.070669,41.195863,09:39:10 27 Aug 2021,2.84,2021-08-27 09:39:10,Aug. 27
807,Joseph R. Biden Jr.,Adults,08-26-21,48.48,52.796987,44.154072,45.63,50.070669,41.195863,20:26:09 26 Aug 2021,2.84,2021-08-26 20:26:09,Aug. 26
810,Joseph R. Biden Jr.,Adults,08-25-21,48.78,53.233469,44.324154,45.56,50.165136,40.952642,10:29:09 25 Aug 2021,3.22,2021-08-25 10:29:09,Aug. 25
813,Joseph R. Biden Jr.,Adults,08-24-21,49.02,53.462607,44.577737,45.92,50.672888,41.175726,19:09:09 24 Aug 2021,3.1,2021-08-24 19:09:09,Aug. 24
816,Joseph R. Biden Jr.,Adults,08-23-21,48.92,53.301931,44.540054,46.01,50.718091,41.306606,15:00:11 23 Aug 2021,2.91,2021-08-23 15:00:11,Aug. 23
819,Joseph R. Biden Jr.,Adults,08-22-21,49.19,53.673316,44.70968,45.77,50.584668,40.960399,09:28:09 22 Aug 2021,3.42,2021-08-22 09:28:09,Aug. 22
822,Joseph R. Biden Jr.,Adults,08-21-21,48.6,53.377856,43.82005,44.63,49.19826,40.060325,14:36:09 21 Aug 2021,3.97,2021-08-21 14:36:09,Aug. 21
825,Joseph R. Biden Jr.,Adults,08-20-21,48.44,53.081122,43.789207,44.33,49.015796,39.650369,17:28:09 20 Aug 2021,4.1,2021-08-20 17:28:09,Aug. 20
828,Joseph R. Biden Jr.,Adults,08-19-21,48.85,53.594693,44.103366,43.59,48.039494,39.141259,16:39:09 19 Aug 2021,5.26,2021-08-19 16:39:09,Aug. 19
831,Joseph R. Biden Jr.,Adults,08-18-21,49.16,54.038793,44.284336,43.57,48.070596,39.061447,18:34:08 18 Aug 2021,5.6,2021-08-18 18:34:08,Aug. 18
834,Joseph R. Biden Jr.,Adults,08-17-21,49.94,54.567788,45.304458,43.02,47.636585,38.403757,20:18:08 17 Aug 2021,6.92,2021-08-17 20:18:08,Aug. 17
843,Joseph R. Biden Jr.,Adults,08-16-21,49.78,54.55097,45.00867,42.34,46.922895,37.75911,09:37:20 16 Aug 2021,7.44,2021-08-16 09:37:20,Aug. 16
846,Joseph R. Biden Jr.,Adults,08-13-21,49.78,54.55097,45.00867,42.34,46.922895,37.75911,19:08:08 13 Aug 2021,7.44,2021-08-13 19:08:08,Aug. 13
849,Joseph R. Biden Jr.,Adults,08-12-21,49.64,54.341096,44.936347,42.43,47.001292,37.855609,19:50:10 12 Aug 2021,7.21,2021-08-12 19:50:10,Aug. 12
852,Joseph R. Biden Jr.,Adults,08-11-21,49.7,54.671373,44.732307,42.12,46.785044,37.448271,18:36:09 11 Aug 2021,7.59,2021-08-11 18:36:09,Aug. 11
855,Joseph R. Biden Jr.,Adults,08-10-21,50.11,54.889776,45.327967,42.07,46.823863,37.317827,20:19:09 10 Aug 2021,8.04,2021-08-10 20:19:09,Aug. 10
864,Joseph R. Biden Jr.,Adults,08-09-21,50.11,54.889776,45.327967,42.07,46.823863,37.317827,09:34:19  9 Aug 2021,8.04,2021-08-09 09:34:19,Aug. 09
867,Joseph R. Biden Jr.,Adults,08-06-21,50.11,54.889724,45.32802,42.07,46.8238,37.31789,21:05:08  6 Aug 2021,8.04,2021-08-06 21:05:08,Aug. 06
870,Joseph R. Biden Jr.,Adults,08-05-21,50.11,54.889724,45.32802,42.07,46.8238,37.31789,21:00:10  5 Aug 2021,8.04,2021-08-05 21:00:10,Aug. 05
873,Joseph R. Biden Jr.,Adults,08-04-21,50.56,55.605028,45.524311,41.78,46.673054,36.887414,14:15:09  4 Aug 2021,8.78,2021-08-04 14:15:09,Aug. 04
876,Joseph R. Biden Jr.,Adults,08-03-21,50.98,55.724988,46.23142,41.48,46.780942,36.182429,12:30:11  3 Aug 2021,9.5,2021-08-03 12:30:11,Aug. 03
885,Joseph R. Biden Jr.,Adults,08-02-21,50.91,56.108835,45.717086,42.4,46.29053,38.515249,09:30:20  2 Aug 2021,8.51,2021-08-02 09:30:20,Aug. 02
888,Joseph R. Biden Jr.,Adults,07-30-21,50.91,56.108835,45.717086,42.4,46.29053,38.515249,09:30:10 30 Jul 2021,8.51,2021-07-30 09:30:10,Jul. 30
891,Joseph R. Biden Jr.,Adults,07-29-21,50.91,56.095367,45.717542,42.4,46.287033,38.5185,21:40:09 29 Jul 2021,8.5,2021-07-29 21:40:09,Jul. 29
894,Joseph R. Biden Jr.,Adults,07-28-21,51.54,56.969152,46.102978,42.26,46.251921,38.274777,11:46:09 28 Jul 2021,9.27,2021-07-28 11:46:09,Jul. 28
897,Joseph R. Biden Jr.,Adults,07-27-21,52.36,57.362013,47.353693,41.99,45.936109,38.035551,10:19:08 27 Jul 2021,10.37,2021-07-27 10:19:08,Jul. 27
906,Joseph R. Biden Jr.,Adults,07-26-21,52.33,57.28608,47.382428,41.87,45.777544,37.969934,09:01:17 26 Jul 2021,10.46,2021-07-26 09:01:17,Jul. 26
909,Joseph R. Biden Jr.,Adults,07-23-21,52.33,57.28608,47.382428,41.87,45.777544,37.969934,13:35:09 23 Jul 2021,10.46,2021-07-23 13:35:09,Jul. 23
912,Joseph R. Biden Jr.,Adults,07-22-21,52.04,56.635119,47.452506,41.84,45.755623,37.921719,22:31:09 22 Jul 2021,10.21,2021-07-22 22:31:09,Jul. 22
915,Joseph R. Biden Jr.,Adults,07-21-21,51.67,56.511785,46.82211,41.65,45.54522,37.758862,15:36:08 21 Jul 2021,10.01,2021-07-21 15:36:08,Jul. 21
918,Joseph R. Biden Jr.,Adults,07-20-21,52.37,57.275416,47.46158,41.48,45.419821,37.548343,10:44:08 20 Jul 2021,10.88,2021-07-20 10:44:08,Jul. 20
921,Joseph R. Biden Jr.,Adults,07-19-21,52.61,57.735254,47.494448,41.47,45.463383,37.478969,09:43:07 19 Jul 2021,11.14,2021-07-19 09:43:07,Jul. 19
927,Joseph R. Biden Jr.,Adults,07-18-21,50.65,54.907969,46.400379,41.5,45.659741,37.331425,13:54:15 18 Jul 2021,9.16,2021-07-18 13:54:15,Jul. 18
930,Joseph R. Biden Jr.,Adults,07-16-21,50.65,54.907969,46.400379,41.5,45.659741,37.331425,09:30:10 16 Jul 2021,9.16,2021-07-16 09:30:10,Jul. 16
933,Joseph R. Biden Jr.,Adults,07-15-21,50.51,54.676117,46.339995,41.47,45.604055,37.332158,09:37:09 15 Jul 2021,9.04,2021-07-15 09:37:09,Jul. 15
936,Joseph R. Biden Jr.,Adults,07-14-21,50.48,54.758378,46.199168,41.49,45.710531,37.26456,11:42:08 14 Jul 2021,8.99,2021-07-14 11:42:08,Jul. 14
939,Joseph R. Biden Jr.,Adults,07-13-21,51.03,54.915856,47.149459,41.26,45.384678,37.126989,09:33:08 13 Jul 2021,9.78,2021-07-13 09:33:08,Jul. 13
948,Joseph R. Biden Jr.,Adults,07-12-21,51.03,54.915856,47.149459,41.26,45.384678,37.126989,09:47:16 12 Jul 2021,9.78,2021-07-12 09:47:16,Jul. 12
951,Joseph R. Biden Jr.,Adults,07-09-21,51.03,54.915856,47.149459,41.26,45.384678,37.126989,10:35:08  9 Jul 2021,9.78,2021-07-09 10:35:08,Jul. 09
954,Joseph R. Biden Jr.,Adults,07-08-21,51.03,54.915794,47.149521,41.26,45.384603,37.127064,22:05:08  8 Jul 2021,9.78,2021-07-08 22:05:08,Jul. 08
957,Joseph R. Biden Jr.,Adults,07-07-21,51.21,55.169947,47.255558,41.03,45.130063,36.938777,12:10:08  7 Jul 2021,10.18,2021-07-07 12:10:08,Jul. 07
963,Joseph R. Biden Jr.,Adults,07-06-21,50.73,54.75986,46.698902,41.67,45.297196,38.044294,11:50:13  6 Jul 2021,9.06,2021-07-06 11:50:13,Jul. 06
969,Joseph R. Biden Jr.,Adults,07-04-21,50.81,55.009177,46.600876,41.7,45.486379,37.916459,12:51:13  4 Jul 2021,9.1,2021-07-04 12:51:13,Jul. 04
972,Joseph R. Biden Jr.,Adults,07-02-21,50.81,55.009177,46.600876,41.7,45.486379,37.916459,11:21:07  2 Jul 2021,9.1,2021-07-02 11:21:07,Jul. 02
975,Joseph R. Biden Jr.,Adults,07-01-21,50.76,55.156065,46.373683,41.65,45.531285,37.777861,21:44:07  1 Jul 2021,9.11,2021-07-01 21:44:07,Jul. 01
978,Joseph R. Biden Jr.,Adults,06-30-21,50.8,55.418499,46.174985,41.72,45.586605,37.845606,13:13:08 30 Jun 2021,9.08,2021-06-30 13:13:08,Jun. 30
981,Joseph R. Biden Jr.,Adults,06-29-21,51.43,55.780784,47.075314,41.57,45.546363,37.5931,21:15:10 29 Jun 2021,9.86,2021-06-29 21:15:10,Jun. 29
987,Joseph R. Biden Jr.,Adults,06-28-21,51.22,55.407093,47.029323,41.63,45.578325,37.679533,09:50:12 28 Jun 2021,9.59,2021-06-28 09:50:12,Jun. 28
990,Joseph R. Biden Jr.,Adults,06-26-21,51.22,55.407161,47.029254,41.63,45.578408,37.67945,17:10:08 26 Jun 2021,9.59,2021-06-26 17:10:08,Jun. 26
993,Joseph R. Biden Jr.,Adults,06-25-21,51.2,55.47146,46.935853,41.42,45.391103,37.449278,10:14:08 25 Jun 2021,9.78,2021-06-25 10:14:08,Jun. 25
996,Joseph R. Biden Jr.,Adults,06-24-21,51.12,55.443133,46.79936,41.4,45.41656,37.391599,18:53:06 24 Jun 2021,9.72,2021-06-24 18:53:06,Jun. 24
999,Joseph R. Biden Jr.,Adults,06-23-21,50.94,55.335772,46.537003,41.63,45.746212,37.50919,18:54:07 23 Jun 2021,9.31,2021-06-23 18:54:07,Jun. 23
1002,Joseph R. Biden Jr.,Adults,06-22-21,50.9,55.409742,46.390352,42.06,46.276805,37.851172,20:36:07 22 Jun 2021,8.84,2021-06-22 20:36:07,Jun. 22
1011,Joseph R. Biden Jr.,Adults,06-21-21,50.69,55.200267,46.178664,41.65,46.111585,37.189836,08:17:14 21 Jun 2021,9.04,2021-06-21 08:17:14,Jun. 21
1014,Joseph R. Biden Jr.,Adults,06-18-21,50.69,55.200336,46.178594,41.65,46.11167,37.189751,13:05:07 18 Jun 2021,9.04,2021-06-18 13:05:07,Jun. 18
1017,Joseph R. Biden Jr.,Adults,06-17-21,50.69,55.200267,46.178664,41.65,46.111585,37.189836,20:59:07 17 Jun 2021,9.04,2021-06-17 20:59:07,Jun. 17
1020,Joseph R. Biden Jr.,Adults,06-16-21,50.81,55.322151,46.29304,40.71,45.438615,35.984092,12:23:08 16 Jun 2021,10.1,2021-06-16 12:23:08,Jun. 16
1023,Joseph R. Biden Jr.,Adults,06-15-21,52.07,56.194307,47.952658,39.64,44.237387,35.033061,10:24:10 15 Jun 2021,12.44,2021-06-15 10:24:10,Jun. 15
1032,Joseph R. Biden Jr.,Adults,06-14-21,52.07,56.194307,47.952658,39.64,44.237387,35.033061,13:02:15 14 Jun 2021,12.44,2021-06-14 13:02:15,Jun. 14
1035,Joseph R. Biden Jr.,Adults,06-11-21,52.07,56.194382,47.952584,39.64,44.237477,35.032972,23:06:07 11 Jun 2021,12.44,2021-06-11 23:06:07,Jun. 11
1038,Joseph R. Biden Jr.,Adults,06-10-21,51.88,55.839908,47.921154,39.6,44.205285,34.999152,09:34:08 10 Jun 2021,12.28,2021-06-10 09:34:08,Jun. 10
1041,Joseph R. Biden Jr.,Adults,06-09-21,52.08,56.199363,47.964078,39.35,44.124143,34.566036,14:47:08  9 Jun 2021,12.74,2021-06-09 14:47:08,Jun. 09
1044,Joseph R. Biden Jr.,Adults,06-08-21,52.24,56.377625,48.10863,39.19,44.234822,34.147151,12:30:11  8 Jun 2021,13.05,2021-06-08 12:30:11,Jun. 08
1053,Joseph R. Biden Jr.,Adults,06-07-21,52.26,56.400195,48.128294,39.34,44.448203,34.238714,09:29:15  7 Jun 2021,12.92,2021-06-07 09:29:15,Jun. 07
1056,Joseph R. Biden Jr.,Adults,06-04-21,52.26,56.400119,48.12837,39.34,44.448112,34.238805,21:00:12  4 Jun 2021,12.92,2021-06-04 21:00:12,Jun. 04
1059,Joseph R. Biden Jr.,Adults,06-03-21,52.26,56.400119,48.12837,39.34,44.448112,34.238805,20:56:07  3 Jun 2021,12.92,2021-06-03 20:56:07,Jun. 03
1062,Joseph R. Biden Jr.,Adults,06-02-21,52.34,56.590234,48.08722,38.88,44.000633,33.753729,09:39:08  2 Jun 2021,13.46,2021-06-02 09:39:08,Jun. 02
1074,Joseph R. Biden Jr.,Adults,06-01-21,52.22,56.823056,47.618987,40.27,44.3816,36.159793,09:28:18  1 Jun 2021,11.95,2021-06-01 09:28:18,Jun. 01
1077,Joseph R. Biden Jr.,Adults,05-28-21,52.22,56.823134,47.618909,40.27,44.381692,36.159701,13:54:08 28 May 2021,11.95,2021-05-28 13:54:08,May. 28
1080,Joseph R. Biden Jr.,Adults,05-27-21,52.54,57.082605,48.002243,40.12,44.295923,35.951388,19:41:07 27 May 2021,12.42,2021-05-27 19:41:07,May. 27
1083,Joseph R. Biden Jr.,Adults,05-26-21,52.9,57.59952,48.19837,39.4,43.267613,35.538575,21:22:07 26 May 2021,13.5,2021-05-26 21:22:07,May. 26
1086,Joseph R. Biden Jr.,Adults,05-25-21,53.44,58.17723,48.69416,39.36,43.51825,35.19902,10:55:28 25 May 2021,14.08,2021-05-25 10:55:28,May. 25
1095,Joseph R. Biden Jr.,Adults,05-24-21,53.45,58.17424,48.720638,39.2,43.301965,35.090203,09:09:12 24 May 2021,14.25,2021-05-24 09:09:12,May. 24
1098,Joseph R. Biden Jr.,Adults,05-21-21,53.45,58.17424,48.720638,39.2,43.301965,35.090203,21:02:06 21 May 2021,14.25,2021-05-21 21:02:06,May. 21
1101,Joseph R. Biden Jr.,Adults,05-20-21,53.23,58.162008,48.291281,39.21,43.613957,34.799075,10:15:10 20 May 2021,14.02,2021-05-20 10:15:10,May. 20
1104,Joseph R. Biden Jr.,Adults,05-19-21,53.39,58.508695,48.273418,39.09,43.60303,34.578956,16:44:07 19 May 2021,14.3,2021-05-19 16:44:07,May. 19
1107,Joseph R. Biden Jr.,Adults,05-18-21,53.39,58.414452,48.36384,38.72,43.210649,34.234118,13:58:08 18 May 2021,14.67,2021-05-18 13:58:08,May. 18
1116,Joseph R. Biden Jr.,Adults,05-17-21,53.86,59.00128,48.717952,38.23,42.873101,33.59642,08:53:11 17 May 2021,15.62,2021-05-17 08:53:11,May. 17
1119,Joseph R. Biden Jr.,Adults,05-14-21,53.86,59.001192,48.718041,38.23,42.873,33.596521,10:42:07 14 May 2021,15.62,2021-05-14 10:42:07,May. 14
1122,Joseph R. Biden Jr.,Adults,05-13-21,53.86,59.001192,48.718041,38.23,42.873,33.596521,09:54:07 13 May 2021,15.62,2021-05-13 09:54:07,May. 13
1125,Joseph R. Biden Jr.,Adults,05-12-21,53.86,59.272267,48.43997,37.96,42.814908,33.101895,13:13:06 12 May 2021,15.9,2021-05-12 13:13:06,May. 12
1128,Joseph R. Biden Jr.,Adults,05-11-21,54.1,59.549732,48.642604,37.85,42.845759,32.857516,10:07:07 11 May 2021,16.24,2021-05-11 10:07:07,May. 11
1137,Joseph R. Biden Jr.,Adults,05-10-21,53.08,57.637129,48.520045,38.67,43.777001,33.555917,09:11:11 10 May 2021,14.41,2021-05-10 09:11:11,May. 10
1140,Joseph R. Biden Jr.,Adults,05-07-21,53.08,57.63722,48.519953,38.67,43.777106,33.555812,21:27:07  7 May 2021,14.41,2021-05-07 21:27:07,May. 07
1143,Joseph R. Biden Jr.,Adults,05-06-21,53.09,57.654102,48.52028,38.65,43.767056,33.526439,13:18:07  6 May 2021,14.44,2021-05-06 13:18:07,May. 06
1146,Joseph R. Biden Jr.,Adults,05-05-21,53.02,57.635894,48.409279,38.78,43.981641,33.571901,20:59:07  5 May 2021,14.25,2021-05-05 20:59:07,May. 05
1149,Joseph R. Biden Jr.,Adults,05-04-21,53.46,57.83212,49.088867,38.35,43.496283,33.205887,09:39:07  4 May 2021,15.11,2021-05-04 09:39:07,May. 04
1155,Joseph R. Biden Jr.,Adults,05-03-21,54.22,58.587688,49.859903,39.85,44.286899,35.413048,09:09:09  3 May 2021,14.37,2021-05-03 09:09:09,May. 03
1158,Joseph R. Biden Jr.,Adults,05-01-21,54.22,58.587688,49.859903,39.85,44.286899,35.413048,20:20:07  1 May 2021,14.37,2021-05-01 20:20:07,May. 01
1161,Joseph R. Biden Jr.,Adults,04-30-21,54.13,58.581758,49.68344,40.22,44.664994,35.780024,16:50:10 30 Apr 2021,13.91,2021-04-30 16:50:10,Apr. 30
1164,Joseph R. Biden Jr.,Adults,04-29-21,53.98,58.375152,49.593715,40.35,44.717503,35.974921,17:57:07 29 Apr 2021,13.64,2021-04-29 17:57:07,Apr. 29
1167,Joseph R. Biden Jr.,Adults,04-28-21,54.0,58.464908,49.526907,40.59,44.88931,36.294067,18:58:07 28 Apr 2021,13.4,2021-04-28 18:58:07,Apr. 28
1170,Joseph R. Biden Jr.,Adults,04-27-21,54.41,58.974996,49.846465,40.88,45.172629,36.587854,13:30:08 27 Apr 2021,13.53,2021-04-27 13:30:08,Apr. 27
1173,Joseph R. Biden Jr.,Adults,04-26-21,54.33,59.191649,49.476275,40.07,44.322438,35.819283,17:19:06 26 Apr 2021,14.26,2021-04-26 17:19:06,Apr. 26
1179,Joseph R. Biden Jr.,Adults,04-25-21,53.17,58.356746,47.990639,38.86,43.030728,34.682564,13:00:11 25 Apr 2021,14.32,2021-04-25 13:00:11,Apr. 25
1182,Joseph R. Biden Jr.,Adults,04-23-21,53.17,58.356746,47.990639,38.86,43.030728,34.682564,18:01:07 23 Apr 2021,14.32,2021-04-23 18:01:07,Apr. 23
1185,Joseph R. Biden Jr.,Adults,04-22-21,52.97,58.188145,47.760206,38.88,43.101932,34.659215,21:22:10 22 Apr 2021,14.09,2021-04-22 21:22:10,Apr. 22
1188,Joseph R. Biden Jr.,Adults,04-21-21,53.12,58.454254,47.782653,38.65,43.004638,34.300373,10:15:08 21 Apr 2021,14.47,2021-04-21 10:15:08,Apr. 21
1191,Joseph R. Biden Jr.,Adults,04-20-21,53.03,58.185095,47.876797,39.36,43.729111,34.998121,13:35:08 20 Apr 2021,13.67,2021-04-20 13:35:08,Apr. 20
1200,Joseph R. Biden Jr.,Adults,04-19-21,52.81,57.894426,47.729679,39.47,43.740217,35.200007,09:33:10 19 Apr 2021,13.34,2021-04-19 09:33:10,Apr. 19
1203,Joseph R. Biden Jr.,Adults,04-16-21,52.81,57.894547,47.729558,39.47,43.740357,35.199867,15:54:06 16 Apr 2021,13.34,2021-04-16 15:54:06,Apr. 16
1206,Joseph R. Biden Jr.,Adults,04-15-21,52.79,57.867727,47.704571,39.66,43.926934,35.402155,16:28:06 15 Apr 2021,13.12,2021-04-15 16:28:06,Apr. 15
1209,Joseph R. Biden Jr.,Adults,04-14-21,52.1,57.040589,47.168062,39.62,44.35564,34.881789,14:09:06 14 Apr 2021,12.49,2021-04-14 14:09:06,Apr. 14
1212,Joseph R. Biden Jr.,Adults,04-13-21,53.2,57.976329,48.433548,38.02,42.650998,33.382761,09:39:06 13 Apr 2021,15.19,2021-04-13 09:39:06,Apr. 13
1221,Joseph R. Biden Jr.,Adults,04-12-21,53.13,58.06374,48.203295,38.17,42.966069,33.372224,10:07:09 12 Apr 2021,14.96,2021-04-12 10:07:09,Apr. 12
1224,Joseph R. Biden Jr.,Adults,04-09-21,53.13,58.06374,48.203295,38.17,42.966069,33.372224,15:21:06  9 Apr 2021,14.96,2021-04-09 15:21:06,Apr. 09
1227,Joseph R. Biden Jr.,Adults,04-08-21,53.13,58.063587,48.203449,38.17,42.9659,33.372393,20:50:07  8 Apr 2021,14.96,2021-04-08 20:50:07,Apr. 08
1230,Joseph R. Biden Jr.,Adults,04-07-21,52.9,57.969453,47.838499,38.49,43.372804,33.616937,11:08:06  7 Apr 2021,14.41,2021-04-07 11:08:06,Apr. 07
1233,Joseph R. Biden Jr.,Adults,04-06-21,53.75,58.748831,48.752536,38.02,42.86759,33.181776,10:01:07  6 Apr 2021,15.73,2021-04-06 10:01:07,Apr. 06
1236,Joseph R. Biden Jr.,Adults,04-05-21,53.75,58.748831,48.752536,38.02,42.86759,33.181776,16:44:05  5 Apr 2021,15.73,2021-04-05 16:44:05,Apr. 05
1239,Joseph R. Biden Jr.,Adults,04-04-21,54.1,59.610897,48.592378,39.07,43.536963,34.602646,21:48:04  4 Apr 2021,15.03,2021-04-04 21:48:04,Apr. 04
1242,Joseph R. Biden Jr.,Adults,04-03-21,54.09,59.597719,48.583846,39.08,43.5397,34.611603,18:53:04  3 Apr 2021,15.02,2021-04-03 18:53:04,Apr. 03
1245,Joseph R. Biden Jr.,Adults,04-02-21,54.06,59.631483,48.488215,38.9,43.364984,34.432398,15:20:07  2 Apr 2021,15.16,2021-04-02 15:20:07,Apr. 02
1248,Joseph R. Biden Jr.,Adults,04-01-21,53.93,59.520587,48.334918,38.37,42.790595,33.950013,23:17:05  1 Apr 2021,15.56,2021-04-01 23:17:05,Apr. 01
1251,Joseph R. Biden Jr.,Adults,03-31-21,54.35,59.929272,48.767423,38.47,42.879017,34.069235,19:48:07 31 Mar 2021,15.87,2021-03-31 19:48:07,Mar. 31
1254,Joseph R. Biden Jr.,Adults,03-30-21,54.25,59.195056,49.308881,38.49,43.158174,33.815964,15:48:05 30 Mar 2021,15.76,2021-03-30 15:48:05,Mar. 30
1263,Joseph R. Biden Jr.,Adults,03-29-21,54.56,59.976953,49.137712,38.71,43.792814,33.628902,11:09:08 29 Mar 2021,15.85,2021-03-29 11:09:08,Mar. 29
1266,Joseph R. Biden Jr.,Adults,03-26-21,54.56,59.976953,49.137712,38.71,43.792814,33.628902,16:53:05 26 Mar 2021,15.85,2021-03-26 16:53:05,Mar. 26
1269,Joseph R. Biden Jr.,Adults,03-25-21,54.56,60.120728,48.992304,38.78,43.957024,33.60924,21:13:04 25 Mar 2021,15.77,2021-03-25 21:13:04,Mar. 25
1272,Joseph R. Biden Jr.,Adults,03-24-21,54.87,60.443794,49.306022,38.4,43.523636,33.284994,13:16:06 24 Mar 2021,16.47,2021-03-24 13:16:06,Mar. 24
1275,Joseph R. Biden Jr.,Adults,03-23-21,55.38,60.761786,49.991739,38.12,43.12557,33.114701,09:57:05 23 Mar 2021,17.26,2021-03-23 09:57:05,Mar. 23
1284,Joseph R. Biden Jr.,Adults,03-22-21,54.43,59.721567,49.142229,38.96,43.921238,34.005804,09:38:07 22 Mar 2021,15.47,2021-03-22 09:38:07,Mar. 22
1287,Joseph R. Biden Jr.,Adults,03-19-21,54.43,59.721567,49.142229,38.96,43.921238,34.005804,12:55:06 19 Mar 2021,15.47,2021-03-19 12:55:06,Mar. 19
1290,Joseph R. Biden Jr.,Adults,03-18-21,54.43,59.721567,49.142229,38.96,43.921238,34.005804,20:54:05 18 Mar 2021,15.47,2021-03-18 20:54:05,Mar. 18
1293,Joseph R. Biden Jr.,Adults,03-17-21,53.81,59.131589,48.485206,39.43,44.318689,34.545105,17:05:05 17 Mar 2021,14.38,2021-03-17 17:05:05,Mar. 17
1296,Joseph R. Biden Jr.,Adults,03-16-21,54.24,59.538213,48.936106,39.65,44.465285,34.831783,13:47:05 16 Mar 2021,14.59,2021-03-16 13:47:05,Mar. 16
1299,Joseph R. Biden Jr.,Adults,03-15-21,54.24,59.538213,48.936106,39.65,44.465285,34.831783,10:35:07 15 Mar 2021,14.59,2021-03-15 10:35:07,Mar. 15
1305,Joseph R. Biden Jr.,Adults,03-14-21,52.99,57.935892,48.0478,39.91,44.772348,35.05312,11:57:08 14 Mar 2021,13.08,2021-03-14 11:57:08,Mar. 14
1308,Joseph R. Biden Jr.,Adults,03-12-21,52.99,57.935892,48.0478,39.91,44.772348,35.05312,22:00:08 12 Mar 2021,13.08,2021-03-12 22:00:08,Mar. 12
1311,Joseph R. Biden Jr.,Adults,03-11-21,52.98,57.974086,47.988438,40.01,44.935533,35.086773,21:52:04 11 Mar 2021,12.97,2021-03-11 21:52:04,Mar. 11
1314,Joseph R. Biden Jr.,Adults,03-10-21,52.84,57.899749,47.780901,38.25,43.351793,33.147248,13:46:05 10 Mar 2021,14.59,2021-03-10 13:46:05,Mar. 10
1317,Joseph R. Biden Jr.,Adults,03-09-21,53.53,58.648894,48.404119,37.27,42.435059,32.1144,21:39:04  9 Mar 2021,16.25,2021-03-09 21:39:04,Mar. 09
1326,Joseph R. Biden Jr.,Adults,03-08-21,53.45,58.482309,48.420629,37.28,42.348367,32.205632,09:23:06  8 Mar 2021,16.17,2021-03-08 09:23:06,Mar. 08
1329,Joseph R. Biden Jr.,Adults,03-05-21,53.45,58.482309,48.420629,37.28,42.348367,32.205632,19:47:04  5 Mar 2021,16.17,2021-03-05 19:47:04,Mar. 05
1332,Joseph R. Biden Jr.,Adults,03-04-21,52.65,57.489133,47.800918,36.81,41.947133,31.663656,20:59:03  4 Mar 2021,15.84,2021-03-04 20:59:03,Mar. 04
1335,Joseph R. Biden Jr.,Adults,03-03-21,52.23,56.996359,47.469784,36.99,42.14653,31.829197,15:32:05  3 Mar 2021,15.25,2021-03-03 15:32:05,Mar. 03
1338,Joseph R. Biden Jr.,Adults,03-02-21,53.31,58.197813,48.423419,35.14,40.044786,30.233635,10:54:06  2 Mar 2021,18.17,2021-03-02 10:54:06,Mar. 02
1347,Joseph R. Biden Jr.,Adults,03-01-21,54.54,59.55029,49.53304,36.61,41.231066,31.98296,09:34:08  1 Mar 2021,17.93,2021-03-01 09:34:08,Mar. 01
1350,Joseph R. Biden Jr.,Adults,02-26-21,54.54,59.55029,49.53304,36.61,41.231066,31.98296,09:55:05 26 Feb 2021,17.93,2021-02-26 09:55:05,Feb. 26
1353,Joseph R. Biden Jr.,Adults,02-25-21,54.54,59.55029,49.53304,36.61,41.231066,31.98296,19:38:05 25 Feb 2021,17.93,2021-02-25 19:38:05,Feb. 25
1356,Joseph R. Biden Jr.,Adults,02-24-21,54.38,59.3562,49.41025,36.52,41.169481,31.874814,13:00:08 24 Feb 2021,17.86,2021-02-24 13:00:08,Feb. 24
1359,Joseph R. Biden Jr.,Adults,02-23-21,54.37,59.296495,49.45176,36.59,41.27335,31.899813,10:22:06 23 Feb 2021,17.79,2021-02-23 10:22:06,Feb. 23
1368,Joseph R. Biden Jr.,Adults,02-22-21,53.84,58.749003,48.934092,36.93,41.716085,32.137391,09:40:08 22 Feb 2021,16.91,2021-02-22 09:40:08,Feb. 22
1371,Joseph R. Biden Jr.,Adults,02-19-21,53.84,58.749003,48.934092,36.93,41.716085,32.137391,13:49:04 19 Feb 2021,16.91,2021-02-19 13:49:04,Feb. 19
1374,Joseph R. Biden Jr.,Adults,02-18-21,53.84,58.749003,48.934092,36.93,41.716085,32.137391,21:23:04 18 Feb 2021,16.91,2021-02-18 21:23:04,Feb. 18
1377,Joseph R. Biden Jr.,Adults,02-17-21,53.74,58.598349,48.885205,36.98,41.789753,32.165507,12:21:04 17 Feb 2021,16.76,2021-02-17 12:21:04,Feb. 17
1380,Joseph R. Biden Jr.,Adults,02-16-21,53.9,58.584921,49.212853,36.34,40.978745,31.694172,09:35:05 16 Feb 2021,17.56,2021-02-16 09:35:05,Feb. 16
1389,Joseph R. Biden Jr.,Adults,02-15-21,53.9,58.587013,49.21781,36.33,40.974981,31.692333,10:19:06 15 Feb 2021,17.57,2021-02-15 10:19:06,Feb. 15
1392,Joseph R. Biden Jr.,Adults,02-12-21,53.9,58.58614,49.216691,36.33,40.97549,31.692561,13:57:05 12 Feb 2021,17.57,2021-02-12 13:57:05,Feb. 12
1395,Joseph R. Biden Jr.,Adults,02-11-21,53.9,58.58614,49.216691,36.33,40.97549,31.692561,14:38:04 11 Feb 2021,17.57,2021-02-11 14:38:04,Feb. 11
1398,Joseph R. Biden Jr.,Adults,02-10-21,53.82,58.549399,49.090499,36.37,41.056421,31.692546,20:14:04 10 Feb 2021,17.45,2021-02-10 20:14:04,Feb. 10
1401,Joseph R. Biden Jr.,Adults,02-09-21,54.09,58.635704,49.540965,36.23,40.772461,31.677723,18:22:05  9 Feb 2021,17.86,2021-02-09 18:22:05,Feb. 09
1410,Joseph R. Biden Jr.,Adults,02-08-21,52.49,56.920352,48.064936,35.3,39.724025,30.868609,09:37:05  8 Feb 2021,17.2,2021-02-08 09:37:05,Feb. 08
1413,Joseph R. Biden Jr.,Adults,02-05-21,52.49,56.920352,48.064936,35.3,39.724025,30.868609,16:08:04  5 Feb 2021,17.2,2021-02-05 16:08:04,Feb. 05
1416,Joseph R. Biden Jr.,Adults,02-04-21,53.13,57.639487,48.618048,34.52,39.028841,30.007402,19:52:04  4 Feb 2021,18.61,2021-02-04 19:52:04,Feb. 04
1419,Joseph R. Biden Jr.,Adults,02-03-21,51.02,55.628124,46.415588,33.05,37.653302,28.440766,15:31:05  3 Feb 2021,17.97,2021-02-03 15:31:05,Feb. 03
1422,Joseph R. Biden Jr.,Adults,02-02-21,51.57,56.188902,46.943442,31.24,35.862219,26.616759,15:41:05  2 Feb 2021,20.33,2021-02-02 15:41:05,Feb. 02
1431,Joseph R. Biden Jr.,Adults,02-01-21,53.11,58.022936,48.199606,31.16,36.074232,26.250902,09:14:05  1 Feb 2021,21.95,2021-02-01 09:14:05,Feb. 01
1434,Joseph R. Biden Jr.,Adults,01-29-21,53.11,58.022936,48.199606,31.16,36.074232,26.250902,16:55:08 29 Jan 2021,21.95,2021-01-29 16:55:08,Jan. 29
1437,Joseph R. Biden Jr.,Adults,01-28-21,53.11,58.022936,48.199606,31.16,36.074232,26.250902,19:57:04 28 Jan 2021,21.95,2021-01-28 19:57:04,Jan. 28
1440,Joseph R. Biden Jr.,Adults,01-27-21,53.24,58.364386,48.123041,31.55,36.672473,26.431128,17:10:07 27 Jan 2021,21.69,2021-01-27 17:10:07,Jan. 27
1452,Joseph R. Biden Jr.,Adults,01-26-21,55.0,61.45853,48.54147,32.0,38.45853,25.54147,10:18:18 26 Jan 2021,23.0,2021-01-26 10:18:18,Jan. 26
