name,total_population,white_alone,black_alone,american_indian_and_alaska_native,asian_alone,native_hawaiian_and_pacific_islander,other_alone,two_or_more_races,latino_alone,asians_all,other_all,white_percent,black_percent,american_indian_percent,asian_percent,native_hawaiian_percent,other_percent,two_or_more_races_percent,latino_percent,asians_all_percent,other_all_percent,nonwhite_percent,majority_nonwhite,majority_white,majority_black,majority_american_indian_and_alaska_native,majority_asian,majority_native_hawaiian,majority_other,majority_two_or_more_races,majority_latino,median_householdincome,total_occupied_housing_units,owner_occupied,renter_occupied,owner_percent,renter_percent,majority_owner,majority_renter,majorityhigherthanmedianincomeLA
Acton,13533.0,3030.0,43.0,9.0,122.0,0.0,0.0,64.0,1019.0,123.0,73.0,22.39,0.32,0.07,0.9,0.0,0.0,0.47,7.53,0.91,0.54,77.61,True,False,False,False,False,False,False,False,False,99453.50660453296,1474.265218465,1329.164851275,145.10036719,0.9015778400164132,0.0984221599835869,True,False,True
Adams-Normandie,37987.0,1455.0,3601.0,6.0,1622.0,62.0,32.0,273.0,11751.0,1683.0,311.0,3.83,9.48,0.02,4.27,0.16,0.08,0.72,30.93,4.43,0.82,96.17,True,False,False,False,False,False,False,False,False,37419.27012966718,5437.575802472,1123.870290818,4313.7055116540005,0.206685907772922,0.7933140922270782,False,True,False
Agoura Hills,27220.0,9337.0,415.0,0.0,1055.0,0.0,32.0,418.0,1548.0,1055.0,451.0,34.3,1.52,0.0,3.88,0.0,0.12,1.54,5.69,3.88,1.66,65.7,True,False,False,False,False,False,False,False,False,121211.78862807387,4675.116218937,3311.101230138,1364.014988799,0.7082393410298704,0.2917606589701296,True,False,True
Agua Dulce,17982.0,3431.0,84.0,29.0,176.0,2.0,4.0,131.0,1025.0,179.0,164.0,19.08,0.47,0.16,0.98,0.01,0.02,0.73,5.7,0.99,0.91,80.92,True,False,False,False,False,False,False,False,False,108312.3261359618,1490.569409319,1408.056410307,82.51299901200001,0.9446433030920056,0.0553566969079943,True,False,True
Alhambra,105896.0,3511.0,810.0,109.0,19403.0,191.0,149.0,773.0,15428.0,19594.0,1031.0,3.32,0.76,0.1,18.32,0.18,0.14,0.73,14.57,18.5,0.97,96.68,True,False,False,False,False,False,False,False,False,61884.53795951734,13840.151454729,5937.368580242,7902.782874487,0.4289959253454035,0.5710040746545966,False,True,False
Alondra Park,14428.0,1627.0,1097.0,0.0,1431.0,78.0,0.0,213.0,4155.0,1509.0,213.0,11.28,7.6,0.0,9.92,0.54,0.0,1.48,28.8,10.46,1.48,88.72,True,False,False,False,False,False,False,False,False,67556.60819651402,2732.141319966,1456.491235757,1275.650084209,0.5330951313218034,0.4669048686781966,True,False,False
Altadena,65208.0,16777.0,9504.0,103.0,2823.0,59.0,192.0,1638.0,12132.0,2882.0,1933.0,25.73,14.57,0.16,4.33,0.09,0.29,2.51,18.6,4.42,2.96,74.27,True,False,False,False,False,False,False,False,False,99190.45658700346,14660.063144604,10647.468818134,4012.59432647,0.7262907883212676,0.2737092116787324,True,False,True
Angeles Crest,48681.0,1122.0,92.0,1.0,236.0,8.0,9.0,117.0,409.0,244.0,127.0,2.31,0.19,0.0,0.49,0.02,0.02,0.24,0.84,0.5,0.26,97.69,True,False,False,False,False,False,False,False,False,126079.8203563742,604.624427696,536.795157334,67.829270362,0.8878158617896531,0.1121841382103469,True,False,True
Arcadia,110248.0,10253.0,593.0,70.0,29050.0,80.0,49.0,1409.0,6618.0,29129.0,1527.0,9.3,0.54,0.06,26.35,0.07,0.04,1.28,6.0,26.42,1.39,90.7,True,False,False,False,False,False,False,False,False,92549.90743180674,15629.267712772318,10258.05301737413,5371.214695398187,0.6563361256516962,0.3436638743483038,True,False,True
Arleta,60967.0,3032.0,406.0,89.0,3798.0,6.0,76.0,293.0,28272.0,3803.0,458.0,4.97,0.67,0.15,6.23,0.01,0.13,0.48,46.37,6.24,0.75,95.03,True,False,False,False,False,False,False,False,False,81794.4478367066,8058.817920999,6007.509174754,2051.308746245,0.7454578616424786,0.2545421383575213,True,False,True
Arlington Heights,44180.0,1196.0,3185.0,31.0,4509.0,49.0,12.0,323.0,12014.0,4558.0,367.0,2.71,7.21,0.07,10.2,0.11,0.03,0.73,27.19,10.32,0.83,97.29,True,False,False,False,False,False,False,False,False,42578.03978058064,7102.41358358,1356.310928074,5746.102655506,0.1909647913505969,0.809035208649403,False,True,False
Artesia,28600.0,1222.0,360.0,0.0,3500.0,32.0,27.0,287.0,3785.0,3532.0,314.0,4.27,1.26,0.0,12.24,0.11,0.09,1.0,13.23,12.35,1.1,95.73,True,False,False,False,False,False,False,False,False,67654.49111001924,2384.617585602,1212.706043322,1171.91154228,0.5085536778073583,0.4914463221926418,True,False,False
Athens,33309.0,120.0,5173.0,0.0,110.0,40.0,99.0,43.0,4454.0,150.0,143.0,0.36,15.53,0.0,0.33,0.12,0.3,0.13,13.37,0.45,0.43,99.64,True,False,False,False,False,False,False,False,False,60603.29255348427,3087.427896155,1922.213109023,1165.214787132,0.6225936843470491,0.3774063156529509,True,False,False
Atwater Village,37809.0,2490.0,107.0,5.0,1194.0,9.0,53.0,276.0,4246.0,1203.0,334.0,6.59,0.28,0.01,3.16,0.02,0.14,0.73,11.23,3.18,0.88,93.41,True,False,False,False,False,False,False,False,False,79113.26174573482,3326.265101714,1170.072618477,2156.192483237,0.3517676982132513,0.6482323017867487,False,True,True
Avalon,4167.0,1189.0,3.0,0.0,2.0,1.0,0.0,37.0,1560.0,2.0,37.0,28.53,0.07,0.0,0.04,0.02,0.0,0.89,37.45,0.06,0.89,71.47,True,False,False,False,False,False,False,False,False,73854.40208095063,1114.423676309,306.812935611,807.610740698,0.2753108554074985,0.7246891445925014,False,True,True
Avocado Heights,31234.0,795.0,53.0,0.0,1325.0,0.0,27.0,16.0,6269.0,1325.0,44.0,2.54,0.17,0.0,4.24,0.0,0.09,0.05,20.07,4.24,0.14,97.46,True,False,False,False,False,False,False,False,False,74490.66989590175,2294.0023966850003,1813.6442650280003,480.358131657,0.7906026025294689,0.2093973974705311,True,False,True
Azusa,82771.0,6191.0,1070.0,67.0,4162.0,40.0,56.0,644.0,30459.0,4202.0,767.0,7.48,1.29,0.08,5.03,0.05,0.07,0.78,36.8,5.08,0.93,92.52,True,False,False,False,False,False,False,False,False,70450.97129809696,11558.323586161,6381.230076504,5177.093509657,0.5520895853914636,0.4479104146085365,True,False,True
Baldwin Hills/Crenshaw,70259.0,2078.0,16456.0,77.0,1569.0,11.0,207.0,766.0,9111.0,1580.0,1050.0,2.96,23.42,0.11,2.23,0.02,0.3,1.09,12.97,2.25,1.49,97.04,True,False,False,False,False,False,False,False,False,40594.1739506395,13721.54166537,3795.902401525,9925.639263845,0.2766381864440917,0.7233618135559082,False,True,False
Baldwin Park,74330.0,2124.0,890.0,102.0,10205.0,362.0,110.0,114.0,41861.0,10567.0,325.0,2.86,1.2,0.14,13.73,0.49,0.15,0.15,56.32,14.22,0.44,97.14,True,False,False,False,False,False,False,False,True,65889.07962590284,13313.447932553,7593.393322724,5720.054609829,0.570355129729935,0.4296448702700651,True,False,False
Bel-Air,36105.0,5237.0,206.0,0.0,673.0,0.0,0.0,464.0,285.0,674.0,465.0,14.5,0.57,0.0,1.87,0.0,0.0,1.29,0.79,1.87,1.29,85.5,True,False,False,False,False,False,False,False,False,200418.55260668256,2768.149730577,2284.649011979,483.500718598,0.8253343331622391,0.1746656668377609,True,False,True
Bell,61498.0,594.0,244.0,40.0,166.0,53.0,0.0,155.0,21872.0,219.0,195.0,0.97,0.4,0.07,0.27,0.09,0.0,0.25,35.57,0.36,0.32,99.03,True,False,False,False,False,False,False,False,False,44520.237436340256,5872.854564310353,1760.2379543712052,4112.6166099391485,0.2997244244848602,0.7002755755151399,False,True,False
Bell Gardens,43275.0,706.0,192.0,30.0,84.0,0.0,5.0,44.0,20928.0,84.0,79.0,1.63,0.44,0.07,0.19,0.0,0.01,0.1,48.36,0.19,0.18,98.37,True,False,False,False,False,False,False,False,False,42462.44652163865,5046.744220088,1094.698161708,3952.04605838,0.2169117581490809,0.7830882418509192,False,True,False
Bellflower,115628.0,11652.0,9872.0,152.0,8868.0,427.0,288.0,1505.0,40127.0,9295.0,1946.0,10.08,8.54,0.13,7.67,0.37,0.25,1.3,34.7,8.04,1.68,89.92,True,False,False,False,False,False,False,False,False,60085.391441500535,22089.399657063,8493.504956646,13595.894700417,0.38450592087188,0.6154940791281199,False,True,False
Beverly Crest,33052.0,5576.0,126.0,0.0,332.0,0.0,0.0,128.0,247.0,332.0,128.0,16.87,0.38,0.0,1.0,0.0,0.0,0.39,0.75,1.0,0.39,83.13,True,False,False,False,False,False,False,False,False,181637.74762171088,2647.946140831,2414.2517959,233.694344931,0.9117450535237624,0.0882549464762376,True,False,True
Beverly Grove,51737.0,15649.0,800.0,90.0,1808.0,13.0,39.0,933.0,1847.0,1821.0,1062.0,30.25,1.55,0.17,3.49,0.02,0.08,1.8,3.57,3.52,2.05,69.75,True,False,False,False,False,False,False,False,False,94742.15801175789,11525.221903083191,3188.517630059785,8336.704273023408,0.2766556389865953,0.7233443610134047,False,True,True
Beverly Hills,67147.0,11928.0,441.0,17.0,1679.0,0.0,142.0,542.0,1165.0,1679.0,701.0,17.76,0.66,0.03,2.5,0.0,0.21,0.81,1.73,2.5,1.04,82.24,True,False,False,False,False,False,False,False,False,109231.7170108808,7074.786495860865,2960.448692501521,4114.337803359344,0.4184506054329052,0.5815493945670949,False,True,True
Beverlywood,29704.0,5527.0,128.0,0.0,490.0,0.0,8.0,156.0,462.0,490.0,164.0,18.61,0.43,0.0,1.65,0.0,0.03,0.53,1.56,1.65,0.55,81.39,True,False,False,False,False,False,False,False,False,131530.78421603513,2590.068534164,1625.398241229,964.670292935,0.627550282855211,0.3724497171447889,True,False,True
Boyle Heights,128960.0,1892.0,1172.0,81.0,2206.0,13.0,68.0,228.0,67469.0,2219.0,377.0,1.47,0.91,0.06,1.71,0.01,0.05,0.18,52.32,1.72,0.29,98.53,True,False,False,False,False,False,False,False,True,41652.24801733739,19376.236984455,3985.8179476076,15390.4190368474,0.2057065028057464,0.7942934971942535,False,True,False
Bradbury,18977.0,19.0,5.0,0.0,14.0,0.0,0.0,1.0,28.0,14.0,1.0,0.1,0.02,0.0,0.07,0.0,0.0,0.0,0.15,0.07,0.0,99.9,True,False,False,False,False,False,False,False,False,87846.66113088968,24.5447839659,14.8951404663,9.6496434996,0.6068556352744345,0.3931443647255654,True,False,True
Brentwood,47232.0,27083.0,517.0,63.0,2675.0,0.0,82.0,1175.0,2017.0,2675.0,1320.0,57.34,1.09,0.13,5.66,0.0,0.17,2.49,4.27,5.66,2.79,42.66,False,True,False,False,False,False,False,False,False,126920.69392596664,15383.417911366,7618.019173531,7765.398737835,0.4952097913105803,0.5047902086894197,False,True,True
Broadway-Manchester,71389.0,145.0,6626.0,51.0,234.0,3.0,187.0,100.0,19789.0,237.0,338.0,0.2,9.28,0.07,0.33,0.0,0.26,0.14,27.72,0.33,0.47,99.8,True,False,False,False,False,False,False,False,False,39985.78550730897,6849.488830421999,2152.712828144,4696.776002278,0.314288099658288,0.6857119003417121,False,True,False
Burbank,129502.0,45819.0,2362.0,358.0,9423.0,0.0,1199.0,2641.0,18608.0,9423.0,4198.0,35.38,1.82,0.28,7.28,0.0,0.93,2.04,14.37,7.28,3.24,64.62,True,False,False,False,False,False,False,False,False,75862.92432405353,32676.616964628185,12368.60708444813,20308.00988018005,0.378515532921811,0.6214844670781888,False,True,True
Calabasas,43211.0,12426.0,190.0,81.0,1378.0,0.0,68.0,627.0,1377.0,1378.0,776.0,28.76,0.44,0.19,3.19,0.0,0.16,1.45,3.19,3.19,1.8,71.24,True,False,False,False,False,False,False,False,False,136749.79188848083,5796.956480788,4324.57946896,1472.377011828,0.7460086138808041,0.2539913861191959,True,False,True
Canoga Park,96549.0,12454.0,2130.0,46.0,7805.0,20.0,335.0,1017.0,33763.0,7825.0,1397.0,12.9,2.21,0.05,8.08,0.02,0.35,1.05,34.97,8.1,1.45,87.1,True,False,False,False,False,False,False,False,False,59050.34777956271,18520.773502662,5091.971280409,13428.802222253,0.2749329707896448,0.7250670292103552,False,True,False
Carson,125293.0,4822.0,19935.0,215.0,18639.0,1883.0,93.0,2403.0,30155.0,20522.0,2711.0,3.85,15.91,0.17,14.88,1.5,0.07,1.92,24.07,16.38,2.16,96.15,True,False,False,False,False,False,False,False,False,83292.3748779738,21077.969649024,15772.077154828,5305.892494196,0.7482730745633421,0.2517269254366577,True,False,True
Carthay,21995.0,3028.0,398.0,7.0,517.0,23.0,0.0,302.0,880.0,540.0,309.0,13.77,1.81,0.03,2.35,0.1,0.0,1.37,4.0,2.45,1.41,86.23,True,False,False,False,False,False,False,False,False,92489.82988676844,2267.454344438,714.829532808,1552.62481163,0.3152564172070128,0.6847435827929871,False,True,True
Castaic,25270.0,5728.0,546.0,22.0,1322.0,29.0,0.0,274.0,2556.0,1351.0,296.0,22.67,2.16,0.09,5.23,0.12,0.0,1.08,10.11,5.35,1.17,77.33,True,False,False,False,False,False,False,False,False,125952.5983107264,3098.921548708,2839.665098111,259.256450597,0.9163397825591652,0.0836602174408348,True,False,True
Castaic Canyons,120880.0,21921.0,2261.0,133.0,4003.0,34.0,148.0,1737.0,14208.0,4037.0,2018.0,18.13,1.87,0.11,3.31,0.03,0.12,1.44,11.75,3.34,1.67,81.87,True,False,False,False,False,False,False,False,False,117849.38962135726,11925.669023675,10167.36290772,1758.306115955,0.8525612179522686,0.1474387820477314,True,False,True
Central-Alameda,66075.0,163.0,3076.0,126.0,147.0,7.0,16.0,94.0,37386.0,154.0,235.0,0.25,4.65,0.19,0.22,0.01,0.02,0.14,56.58,0.23,0.36,99.75,True,False,False,False,False,False,False,False,True,40923.74972872256,8896.638268676,2414.603910374,6482.034358302,0.2714063264632813,0.7285936735367187,False,True,False
Century City,21095.0,4212.0,193.0,0.0,1059.0,4.0,32.0,231.0,277.0,1063.0,263.0,19.97,0.92,0.0,5.02,0.02,0.15,1.1,1.31,5.04,1.25,80.03,True,False,False,False,False,False,False,False,False,121632.8928241242,3001.273651997,1968.774815489,1032.498836508,0.6559797751794504,0.3440202248205496,True,False,True
Cerritos,85684.0,4820.0,3238.0,35.0,19640.0,153.0,72.0,1118.0,5242.0,19793.0,1225.0,5.62,3.78,0.04,22.92,0.18,0.08,1.3,6.12,23.1,1.43,94.38,True,False,False,False,False,False,False,False,False,105234.97508145864,10457.416907811785,8090.966657197015,2366.4502506147683,0.7737060431389123,0.2262939568610876,True,False,True
Charter Oak,36677.0,2076.0,322.0,37.0,1268.0,0.0,29.0,266.0,5240.0,1268.0,332.0,5.66,0.88,0.1,3.46,0.0,0.08,0.73,14.29,3.46,0.9,94.34,True,False,False,False,False,False,False,False,False,72111.91100100728,2768.608435643709,1625.2459416993504,1143.362493944359,0.587026291177747,0.412973708822253,True,False,True
Chatsworth,94481.0,21641.0,2941.0,151.0,10397.0,110.0,348.0,1760.0,12549.0,10507.0,2259.0,22.91,3.11,0.16,11.0,0.12,0.37,1.86,13.28,11.12,2.39,77.09,True,False,False,False,False,False,False,False,False,91179.63335605836,17103.55954581401,10750.9714284934,6352.58811732061,0.6285809336761501,0.3714190663238499,True,False,True
Chatsworth Reservoir,19981.0,65.0,17.0,0.0,16.0,0.0,1.0,8.0,32.0,16.0,9.0,0.33,0.09,0.0,0.08,0.0,0.01,0.04,0.16,0.08,0.04,99.67,True,False,False,False,False,False,False,False,False,94423.27662729497,48.489600045,33.260542646000005,15.229057399,0.6859314701530449,0.3140685298469551,True,False,True
Chesterfield Square,19212.0,210.0,3302.0,6.0,64.0,12.0,2.0,77.0,4627.0,76.0,85.0,1.09,17.19,0.03,0.33,0.06,0.01,0.4,24.08,0.39,0.44,98.91,True,False,False,False,False,False,False,False,False,44565.67668057159,2712.355781498,1373.620903926,1338.7348775720002,0.5064309458574665,0.4935690541425335,True,False,False
Cheviot Hills,18162.0,5660.0,116.0,0.0,865.0,6.0,0.0,368.0,767.0,871.0,368.0,31.16,0.64,0.0,4.76,0.03,0.0,2.03,4.22,4.8,2.03,68.84,True,False,False,False,False,False,False,False,False,136332.7862528186,3171.120536491,2210.190370729,960.930165762,0.696974569492298,0.3030254305077018,True,False,True
Chinatown,29697.0,2147.0,2088.0,122.0,5654.0,29.0,35.0,310.0,4914.0,5683.0,467.0,7.23,7.03,0.41,19.04,0.1,0.12,1.04,16.55,19.14,1.57,92.77,True,False,False,False,False,False,False,False,False,40524.456293996576,4125.497855333,247.222796568,3878.275058765,0.0599255666194122,0.9400744333805876,False,True,False
Citrus,48824.0,1849.0,362.0,13.0,1151.0,28.0,15.0,127.0,9255.0,1179.0,155.0,3.79,0.74,0.03,2.36,0.06,0.03,0.26,18.96,2.41,0.32,96.21,True,False,False,False,False,False,False,False,False,69301.66856439126,3018.152209018,1739.663972005,1278.488237013,0.5764003441599206,0.4235996558400793,True,False,True
Claremont,28763.0,7593.0,1193.0,108.0,2899.0,8.0,27.0,861.0,4823.0,2907.0,996.0,26.4,4.15,0.38,10.08,0.03,0.1,2.99,16.77,10.11,3.46,73.6,True,False,False,False,False,False,False,False,False,100222.8885784195,4987.237736338,2982.315173598,2004.92256274,0.59798937433206,0.40201062566794,True,False,True
Commerce,83889.0,271.0,353.0,93.0,74.0,17.0,16.0,56.0,12588.0,91.0,165.0,0.32,0.42,0.11,0.09,0.02,0.02,0.07,15.01,0.11,0.2,99.68,True,False,False,False,False,False,False,False,False,49493.14053837504,3493.409130248,1621.98044298,1871.428687268,0.4642973045830604,0.5357026954169395,False,True,False
Compton,159267.0,946.0,20946.0,57.0,724.0,298.0,500.0,875.0,52710.0,1022.0,1432.0,0.59,13.15,0.04,0.45,0.19,0.31,0.55,33.1,0.64,0.9,99.41,True,False,False,False,False,False,False,False,False,54164.05759817584,19204.38554615222,9833.390578304608,9370.994967847611,0.5120388025262709,0.4879611974737291,True,False,False
Covina,89525.0,9597.0,1379.0,136.0,5628.0,25.0,154.0,836.0,24185.0,5653.0,1126.0,10.72,1.54,0.15,6.29,0.03,0.17,0.93,27.01,6.31,1.26,89.28,True,False,False,False,False,False,False,False,False,70941.36566799955,13056.292042911,8188.422816183,4867.869226728,0.6271629639771238,0.3728370360228762,True,False,True
Cudahy,39191.0,557.0,100.0,17.0,27.0,34.0,0.0,0.0,14972.0,61.0,18.0,1.42,0.25,0.04,0.07,0.09,0.0,0.0,38.2,0.16,0.05,98.58,True,False,False,False,False,False,False,False,False,46450.501731153294,3723.251193068,573.399588731,3149.851604337,0.1540050775511905,0.8459949224488095,False,True,False
Culver City,91685.0,13662.0,2500.0,54.0,4947.0,38.0,208.0,1551.0,7967.0,4985.0,1813.0,14.9,2.73,0.06,5.4,0.04,0.23,1.69,8.69,5.44,1.98,85.1,True,False,False,False,False,False,False,False,False,93804.54097293848,13143.92899429167,6810.03143740727,6333.8975568844,0.5181123118030253,0.4818876881969747,True,False,True
Cypress Park,23577.0,860.0,96.0,2.0,950.0,7.0,12.0,69.0,7763.0,957.0,83.0,3.65,0.41,0.01,4.03,0.03,0.05,0.29,32.93,4.06,0.35,96.35,True,False,False,False,False,False,False,False,False,52316.083258786326,2782.949632485,973.66484982,1809.284782665,0.3498679381238309,0.650132061876169,False,True,False
Del Aire,30602.0,2158.0,911.0,2.0,623.0,99.0,22.0,372.0,4684.0,722.0,395.0,7.05,2.98,0.01,2.04,0.32,0.07,1.21,15.31,2.36,1.29,92.95,True,False,False,False,False,False,False,False,False,89473.2271754567,2931.748330658205,1601.471998531183,1330.276332127022,0.5462515256797768,0.4537484743202233,True,False,True
Del Rey,50641.0,7268.0,1145.0,21.0,2391.0,0.0,37.0,774.0,8785.0,2391.0,832.0,14.35,2.26,0.04,4.72,0.0,0.07,1.53,17.35,4.72,1.64,85.65,True,False,False,False,False,False,False,False,False,79520.88395251062,8493.518427701,3264.11778296,5229.400644741,0.3843069054061641,0.6156930945938359,False,True,True
Desert View Highlands,12569.0,435.0,167.0,1.0,175.0,0.0,17.0,70.0,1050.0,175.0,88.0,3.46,1.33,0.01,1.39,0.0,0.13,0.55,8.35,1.39,0.7,96.54,True,False,False,False,False,False,False,False,False,72770.40233468046,587.095186849,397.557019996,189.538166853,0.677159392380185,0.322840607619815,True,False,True
Diamond Bar,59893.0,7360.0,1490.0,122.0,24238.0,43.0,2.0,931.0,7058.0,24281.0,1055.0,12.29,2.49,0.2,40.47,0.07,0.0,1.55,11.79,40.54,1.76,87.71,True,False,False,False,False,False,False,False,False,98274.48766205422,13144.560837532,10051.053269386,3093.507568146,0.7646549316951671,0.2353450683048328,True,False,True
Downey,166554.0,15296.0,3534.0,81.0,7377.0,100.0,178.0,1006.0,80962.0,7477.0,1266.0,9.18,2.12,0.05,4.43,0.06,0.11,0.6,48.61,4.49,0.76,90.82,True,False,False,False,False,False,False,False,False,76139.48028768829,32008.852671894,15840.968507125,16167.884164769,0.4948933555820472,0.5051066444179527,False,True,True
Downtown,107302.0,14972.0,10609.0,236.0,14086.0,130.0,191.0,2361.0,15622.0,14216.0,2787.0,13.95,9.89,0.22,13.13,0.12,0.18,2.2,14.56,13.25,2.6,86.05,True,False,False,False,False,False,False,False,False,43682.9490280873,31507.74684079,2853.388812553,28654.358028237,0.0905614999057627,0.9094385000942372,False,True,False
Duarte,37541.0,3924.0,848.0,92.0,2801.0,1.0,18.0,334.0,7981.0,2801.0,444.0,10.45,2.26,0.25,7.46,0.0,0.05,0.89,21.26,7.46,1.18,89.55,True,False,False,False,False,False,False,False,False,74842.42209462954,5163.354780087,3719.148656306,1444.206123781,0.7202969415638981,0.2797030584361019,True,False,True
Eagle Rock,71459.0,9280.0,585.0,46.0,7603.0,124.0,154.0,1095.0,11106.0,7728.0,1295.0,12.99,0.82,0.06,10.64,0.17,0.22,1.53,15.54,10.81,1.81,87.01,True,False,False,False,False,False,False,False,False,84536.70125038814,9867.235058093054,5546.600216468499,4320.634841624556,0.5621230449880897,0.4378769550119102,True,False,True
East Compton,24166.0,136.0,976.0,22.0,73.0,0.0,0.0,66.0,7709.0,73.0,88.0,0.56,4.04,0.09,0.3,0.0,0.0,0.27,31.9,0.3,0.36,99.44,True,False,False,False,False,False,False,False,False,54185.6792682277,1978.739691717,983.682233254,995.057458463,0.4971256387950834,0.5028743612049166,False,True,False
East Hollywood,92240.0,13891.0,1843.0,45.0,11827.0,132.0,105.0,1057.0,35547.0,11959.0,1207.0,15.06,2.0,0.05,12.82,0.14,0.11,1.15,38.54,12.97,1.31,84.94,True,False,False,False,False,False,False,False,False,42657.9920277338,23020.756688966,2040.111796063,20980.644892903,0.0886205359635653,0.9113794640364348,False,True,False
East La Mirada,23842.0,1887.0,37.0,0.0,366.0,13.0,31.0,147.0,2990.0,379.0,178.0,7.92,0.15,0.0,1.54,0.05,0.13,0.62,12.54,1.59,0.75,92.08,True,False,False,False,False,False,False,False,False,77413.81204884284,1739.926078152,1196.963559117,542.9625190349999,0.6879393177371718,0.3120606822628281,True,False,True
East Los Angeles,169190.0,2381.0,272.0,181.0,1412.0,25.0,109.0,123.0,111816.0,1438.0,413.0,1.41,0.16,0.11,0.83,0.01,0.06,0.07,66.09,0.85,0.24,98.59,True,False,False,False,False,False,False,False,True,46418.78265810468,30170.490452441,10360.638047028,19809.852405413,0.3434030369297411,0.6565969630702588,False,True,False
East Pasadena,21163.0,2.0,0.0,0.0,3.0,0.0,0.0,0.0,1.0,3.0,0.0,0.01,0.0,0.0,0.01,0.0,0.0,0.0,0.01,0.01,0.0,99.99,True,False,False,False,False,False,False,False,False,92169.68522651675,1.97518647536,1.40253765209,0.57264882327,0.710078602494669,0.2899213975053308,True,False,True
East San Gabriel,50873.0,3129.0,174.0,0.0,9995.0,16.0,110.0,241.0,5034.0,10012.0,351.0,6.15,0.34,0.0,19.65,0.03,0.22,0.47,9.9,19.68,0.69,93.85,True,False,False,False,False,False,False,False,False,78493.19172573103,6033.374477735854,3250.7294963899226,2782.6449813459312,0.5387912698582941,0.4612087301417059,True,False,True
Echo Park,60931.0,10175.0,1276.0,120.0,5223.0,61.0,119.0,930.0,15022.0,5284.0,1168.0,16.7,2.09,0.2,8.57,0.1,0.2,1.53,24.65,8.67,1.92,83.3,True,False,False,False,False,False,False,False,False,69103.27151108165,12810.133227054,3271.112321603,9539.020905451,0.25535349739335,0.7446465026066499,False,True,True
El Monte,152227.0,3770.0,491.0,234.0,28459.0,730.0,133.0,373.0,65943.0,29188.0,740.0,2.48,0.32,0.15,18.69,0.48,0.09,0.24,43.32,19.17,0.49,97.52,True,False,False,False,False,False,False,False,False,49163.1382622008,25760.522051386,10420.069258907,15340.452792479,0.4044975966760878,0.5955024033239122,False,True,False
El Segundo,36124.0,10377.0,628.0,0.0,1702.0,9.0,70.0,1242.0,2714.0,1712.0,1312.0,28.73,1.74,0.0,4.71,0.03,0.19,3.44,7.51,4.74,3.63,71.27,True,False,False,False,False,False,False,False,False,108771.1426023207,6421.663922115,2794.244282335,3627.41963978,0.4351277669191235,0.5648722330808765,False,True,True
El Sereno,82276.0,3325.0,667.0,177.0,4615.0,7.0,127.0,580.0,32571.0,4622.0,884.0,4.04,0.81,0.22,5.61,0.01,0.15,0.7,39.59,5.62,1.07,95.96,True,False,False,False,False,False,False,False,False,57530.993319549874,11955.80460538,5909.271371189,6046.533234191001,0.4942596141567823,0.5057403858432177,False,True,False
Elizabeth Lake,12061.0,534.0,29.0,16.0,37.0,0.0,1.0,36.0,215.0,37.0,53.0,4.43,0.24,0.14,0.3,0.0,0.01,0.29,1.79,0.31,0.44,95.57,True,False,False,False,False,False,False,False,False,81725.37830676434,316.145721759,260.023365613,56.122356146,0.8224794698035406,0.1775205301964593,True,False,True
Elysian Park,32615.0,426.0,49.0,21.0,1003.0,0.0,0.0,51.0,1148.0,1004.0,73.0,1.31,0.15,0.07,3.08,0.0,0.0,0.16,3.52,3.08,0.22,98.69,True,False,False,False,False,False,False,False,False,50963.71020770106,936.078958139,140.506274719,795.57268342,0.1501008793086618,0.849899120691338,False,True,False
Elysian Valley,21625.0,1133.0,148.0,18.0,1579.0,19.0,0.0,147.0,4513.0,1597.0,166.0,5.24,0.68,0.08,7.3,0.09,0.0,0.68,20.87,7.39,0.77,94.76,True,False,False,False,False,False,False,False,False,66245.51034248262,2405.590370226,1110.738066728,1294.852303498,0.4617320057793748,0.5382679942206251,False,True,False
Encino,57213.0,30159.0,1108.0,29.0,3011.0,20.0,70.0,1407.0,5752.0,3031.0,1506.0,52.71,1.94,0.05,5.26,0.03,0.12,2.46,10.05,5.3,2.63,47.29,False,True,False,False,False,False,False,False,False,93485.688511832,16738.838003835,8986.444017934,7752.393985901,0.5368618786964265,0.4631381213035734,True,False,True
Exposition Park,66012.0,951.0,5195.0,27.0,933.0,10.0,85.0,303.0,18702.0,943.0,415.0,1.44,7.87,0.04,1.41,0.02,0.13,0.46,28.33,1.43,0.63,98.56,True,False,False,False,False,False,False,False,False,40028.91994785268,7049.582232129,2022.593351824,5026.988880305,0.2869096756692728,0.7130903243307272,False,True,False
Fairfax,38173.0,10489.0,447.0,28.0,1062.0,29.0,79.0,508.0,1240.0,1091.0,615.0,27.48,1.17,0.07,2.78,0.08,0.21,1.33,3.25,2.86,1.61,72.52,True,False,False,False,False,False,False,False,False,92124.9420465526,6322.079144211374,1828.205422965312,4493.873721246062,0.2891778766545899,0.7108221233454101,False,True,True
Florence,78422.0,236.0,8755.0,53.0,74.0,0.0,74.0,195.0,36875.0,74.0,322.0,0.3,11.16,0.07,0.09,0.0,0.09,0.25,47.02,0.09,0.41,99.7,True,False,False,False,False,False,False,False,False,39910.2578786888,10945.764879329,3170.744289221,7775.020590108,0.2896777268812825,0.7103222731187175,False,True,False
Florence-Firestone,113264.0,305.0,3819.0,39.0,67.0,0.0,147.0,115.0,59165.0,67.0,301.0,0.27,3.37,0.03,0.06,0.0,0.13,0.1,52.24,0.06,0.27,99.73,True,False,False,False,False,False,False,False,True,44471.664909554245,14191.56425701041,5274.3729825653,8917.19127444511,0.3716555051329061,0.6283444948670938,False,True,False
Gardena,90738.0,4666.0,12879.0,58.0,13307.0,664.0,342.0,1418.0,21880.0,13971.0,1817.0,5.14,14.19,0.06,14.67,0.73,0.38,1.56,24.11,15.4,2.0,94.86,True,False,False,False,False,False,False,False,False,58797.7488484291,19159.1957030136,8887.2275364444,10271.9681665692,0.4638622452740281,0.5361377547259719,False,True,False
Glassell Park,65710.0,4693.0,446.0,8.0,4359.0,14.0,32.0,535.0,13810.0,4373.0,574.0,7.14,0.68,0.01,6.63,0.02,0.05,0.81,21.02,6.66,0.87,92.86,True,False,False,False,False,False,False,False,False,65875.14376161584,7935.076574036,3479.247713312,4455.828860724,0.4384642896448267,0.5615357103551732,False,True,False
Glendale,245664.0,112476.0,3199.0,195.0,29299.0,177.0,178.0,4898.0,30601.0,29476.0,5272.0,45.78,1.3,0.08,11.93,0.07,0.07,1.99,12.46,12.0,2.15,54.22,True,False,False,False,False,False,False,False,False,66524.7495585392,67617.6534565365,23026.389450516497,44591.26400602,0.3405381327720501,0.6594618672279499,False,True,False
Glendora,79725.0,20403.0,738.0,140.0,4966.0,97.0,160.0,1497.0,14254.0,5062.0,1797.0,25.59,0.93,0.18,6.23,0.12,0.2,1.88,17.88,6.35,2.25,74.41,True,False,False,False,False,False,False,False,False,95290.04805719604,13659.287194378,9754.6735871681,3904.6136072099,0.7141422131590445,0.2858577868409556,True,False,True
Gramercy Park,45126.0,187.0,7755.0,46.0,24.0,59.0,59.0,508.0,2174.0,83.0,614.0,0.41,17.19,0.1,0.05,0.13,0.13,1.13,4.82,0.18,1.36,99.59,True,False,False,False,False,False,False,False,False,61409.65049810755,4222.663768494836,2503.8322309980263,1718.83153749681,0.592950887939277,0.4070491120607232,True,False,False
Granada Hills,82864.0,19476.0,1464.0,47.0,8421.0,41.0,42.0,1009.0,12114.0,8462.0,1098.0,23.5,1.77,0.06,10.16,0.05,0.05,1.22,14.62,10.21,1.33,76.5,True,False,False,False,False,False,False,False,False,96207.5660397014,13770.093544904,10199.886601577,3570.206943327,0.7407274735146405,0.2592725264853595,True,False,True
Green Meadows,66808.0,37.0,4894.0,0.0,27.0,5.0,51.0,145.0,12853.0,32.0,196.0,0.06,7.33,0.0,0.04,0.01,0.08,0.22,19.24,0.05,0.29,99.94,True,False,False,False,False,False,False,False,False,42580.28260810962,4359.817764142025,1929.661185818344,2430.156578323682,0.4426013402874614,0.5573986597125387,False,True,False
Green Valley,6577.0,62.0,0.0,0.0,1.0,0.0,1.0,5.0,20.0,1.0,6.0,0.95,0.01,0.0,0.02,0.0,0.01,0.08,0.31,0.02,0.09,99.05,True,False,False,False,False,False,False,False,False,75335.72007382332,36.172442678,25.005251009,11.167191669,0.6912790278387293,0.3087209721612707,True,False,True
Griffith Park,44021.0,128.0,4.0,0.0,21.0,0.0,2.0,7.0,33.0,21.0,9.0,0.29,0.01,0.0,0.05,0.0,0.0,0.02,0.07,0.05,0.02,99.71,True,False,False,False,False,False,False,False,False,97673.37990606774,90.118301884,41.71193235,48.406369534,0.4628575048350496,0.5371424951649503,False,True,True
Hacienda Heights,89310.0,5519.0,409.0,70.0,16022.0,19.0,103.0,418.0,22273.0,16041.0,591.0,6.18,0.46,0.08,17.94,0.02,0.11,0.47,24.94,17.96,0.66,93.82,True,False,False,False,False,False,False,False,False,86853.98675496888,12868.638434537,9564.419084538,3304.219349999,0.7432347356087728,0.2567652643912271,True,False,True
Hancock Park,24462.0,6084.0,187.0,2.0,1253.0,4.0,64.0,264.0,751.0,1257.0,330.0,24.87,0.76,0.01,5.12,0.02,0.26,1.08,3.07,5.14,1.35,75.13,True,False,False,False,False,False,False,False,False,105685.85493106669,3670.931736014,1793.334898982,1877.596837032,0.4885230856755874,0.5114769143244127,False,True,True
Hansen Dam,6382.0,15.0,0.0,0.0,11.0,0.0,0.0,0.0,16.0,11.0,1.0,0.23,0.0,0.0,0.18,0.0,0.0,0.01,0.25,0.18,0.01,99.77,True,False,False,False,False,False,False,False,False,60033.86313736053,12.492669948,9.907822542000002,2.584847406,0.7930908751484452,0.2069091248515549,True,False,False
Harbor City,61460.0,4013.0,1589.0,1.0,4405.0,149.0,28.0,626.0,10185.0,4555.0,654.0,6.53,2.59,0.0,7.17,0.24,0.04,1.02,16.57,7.41,1.06,93.47,True,False,False,False,False,False,False,False,False,66002.49601060242,7021.253641920001,3375.214806300001,3646.03883562,0.4807139833474281,0.5192860166525718,False,True,False
Harbor Gateway,87757.0,1899.0,1391.0,7.0,3985.0,27.0,272.0,637.0,7781.0,4012.0,916.0,2.16,1.59,0.01,4.54,0.03,0.31,0.73,8.87,4.57,1.04,97.84,True,False,False,False,False,False,False,False,False,53993.69380127945,5129.166406634,2174.927615595,2954.2387910390003,0.4240314006544954,0.5759685993455047,False,True,False
Harvard Heights,34130.0,1024.0,1407.0,0.0,4152.0,64.0,11.0,217.0,11992.0,4215.0,229.0,3.0,4.12,0.0,12.16,0.19,0.03,0.64,35.14,12.35,0.67,97.0,True,False,False,False,False,False,False,False,False,38339.79709839957,5852.476667191,1012.699195308,4839.777471883,0.1730377159784667,0.8269622840215332,False,True,False
Harvard Park,33194.0,198.0,3296.0,13.0,81.0,9.0,21.0,195.0,6065.0,89.0,228.0,0.6,9.93,0.04,0.24,0.03,0.06,0.59,18.27,0.27,0.69,99.4,True,False,False,False,False,False,False,False,False,43893.44771724391,3026.670363258,1555.37068286,1471.299680398,0.5138883645015613,0.4861116354984386,True,False,False
Hasley Canyon,13769.0,923.0,86.0,0.0,180.0,6.0,0.0,53.0,444.0,186.0,53.0,6.7,0.62,0.0,1.31,0.04,0.0,0.39,3.22,1.35,0.39,93.3,True,False,False,False,False,False,False,False,False,126237.07119815612,483.443272046,447.094214616,36.34905743,0.924812155775453,0.0751878442245471,True,False,True
Hawaiian Gardens,24620.0,1022.0,520.0,17.0,1751.0,30.0,100.0,159.0,11473.0,1780.0,277.0,4.15,2.11,0.07,7.11,0.12,0.41,0.65,46.6,7.23,1.12,95.85,True,False,False,False,False,False,False,False,False,53683.86914484255,3920.400648449,1886.010320069,2034.39032838,0.4810759126915124,0.5189240873084875,False,True,False
Hawthorne,138780.0,8651.0,19209.0,4.0,6382.0,411.0,470.0,1851.0,44881.0,6793.0,2324.0,6.23,13.84,0.0,4.6,0.3,0.34,1.33,32.34,4.89,1.67,93.77,True,False,False,False,False,False,False,False,False,55703.80092978515,27263.017797033,7224.143492725002,20038.874304308,0.2649795978753018,0.7350204021246982,False,True,False
Hermosa Beach,16038.0,5922.0,108.0,42.0,375.0,0.0,17.0,529.0,723.0,375.0,588.0,36.92,0.67,0.26,2.34,0.0,0.11,3.3,4.51,2.34,3.66,63.08,True,False,False,False,False,False,False,False,False,138908.70342271694,3352.8998244500003,1620.955269294,1731.9445551560002,0.483448762015995,0.5165512379840048,False,True,True
Hidden Hills,24909.0,1907.0,26.0,0.0,158.0,0.0,1.0,48.0,215.0,158.0,49.0,7.66,0.1,0.0,0.63,0.0,0.01,0.19,0.86,0.63,0.2,92.34,True,False,False,False,False,False,False,False,False,144891.50697360752,831.151331603,590.397740533,240.75359107,0.7103372371362618,0.2896627628637381,True,False,True
Highland Park,108796.0,9312.0,857.0,184.0,5771.0,43.0,180.0,1099.0,34603.0,5814.0,1463.0,8.56,0.79,0.17,5.3,0.04,0.17,1.01,31.81,5.34,1.34,91.44,True,False,False,False,False,False,False,False,False,61033.41506384247,16917.536179841,6879.20493654,10038.331243301,0.4066316077832472,0.5933683922167527,False,True,False
Historic South-Central,110746.0,651.0,3006.0,18.0,546.0,50.0,29.0,258.0,46435.0,596.0,306.0,0.59,2.71,0.02,0.49,0.04,0.03,0.23,41.93,0.54,0.28,99.41,True,False,False,False,False,False,False,False,False,39600.69070343588,11706.132499818,2212.277790467,9493.854709351,0.1889845164917956,0.8110154835082043,False,True,False
Hollywood,94665.0,25894.0,4652.0,97.0,4053.0,8.0,358.0,2268.0,24423.0,4061.0,2722.0,27.35,4.91,0.1,4.28,0.01,0.38,2.4,25.8,4.29,2.88,72.65,True,False,False,False,False,False,False,False,False,50042.88945122405,30835.532648007,2939.075217788,27896.457430219,0.0953145597106447,0.9046854402893552,False,True,False
Hollywood Hills,49534.0,13217.0,606.0,15.0,1207.0,30.0,150.0,640.0,2147.0,1237.0,805.0,26.68,1.22,0.03,2.44,0.06,0.3,1.29,4.33,2.5,1.63,73.32,True,False,False,False,False,False,False,False,False,88533.52568086583,9748.81983756,4379.491324541,5369.328513019,0.4492329735818698,0.5507670264181301,False,True,True
Hollywood Hills West,62428.0,11037.0,804.0,19.0,706.0,0.0,9.0,912.0,1387.0,706.0,940.0,17.68,1.29,0.03,1.13,0.0,0.01,1.46,2.22,1.13,1.51,82.32,True,False,False,False,False,False,False,False,False,129681.3403222244,6934.524945148,4358.416878735,2576.108066413,0.6285097988989901,0.3714902011010098,True,False,True
Huntington Park,103804.0,744.0,389.0,65.0,166.0,13.0,38.0,30.0,49510.0,179.0,133.0,0.72,0.37,0.06,0.16,0.01,0.04,0.03,47.7,0.17,0.13,99.28,True,False,False,False,False,False,False,False,False,42942.0499535365,12886.468197032,3215.850118882,9670.61807815,0.2495524816972482,0.7504475183027518,False,True,False
Hyde Park,78251.0,1395.0,15521.0,19.0,475.0,71.0,289.0,554.0,10344.0,546.0,862.0,1.78,19.83,0.02,0.61,0.09,0.37,0.71,13.22,0.7,1.1,98.22,True,False,False,False,False,False,False,False,False,42865.33869441696,10406.699840186977,5299.608300970713,5107.091539216263,0.5092496547758117,0.4907503452241882,True,False,False
Industry,148952.0,1930.0,297.0,43.0,8048.0,40.0,41.0,187.0,11581.0,8088.0,271.0,1.3,0.2,0.03,5.4,0.03,0.03,0.13,7.78,5.43,0.18,98.7,True,False,False,False,False,False,False,False,False,71440.1897581465,5909.8937978465065,4153.125690269617,1756.76810757689,0.7027411713866949,0.2972588286133052,True,False,True
Inglewood,155332.0,4190.0,36778.0,367.0,2002.0,426.0,444.0,2058.0,49891.0,2428.0,2869.0,2.7,23.68,0.24,1.29,0.27,0.29,1.32,32.12,1.56,1.85,97.3,True,False,False,False,False,False,False,False,False,54352.62879286189,31055.68064115391,11320.271469152289,19735.409172001622,0.3645153232980847,0.6354846767019153,False,True,False
Irwindale,81650.0,156.0,16.0,0.0,107.0,1.0,7.0,10.0,1707.0,109.0,17.0,0.19,0.02,0.0,0.13,0.0,0.01,0.01,2.09,0.13,0.02,99.81,True,False,False,False,False,False,False,False,False,70985.23970194781,536.018638196,363.788714306,172.22992389,0.678686688079263,0.321313311920737,True,False,True
Jefferson Park,31852.0,1441.0,6248.0,0.0,945.0,51.0,70.0,390.0,9658.0,996.0,461.0,4.52,19.61,0.0,2.97,0.16,0.22,1.23,30.32,3.13,1.45,95.48,True,False,False,False,False,False,False,False,False,43259.57221531197,6430.448392591,1462.28476983,4968.163622761,0.2274001252408475,0.7725998747591525,False,True,False
Koreatown,164051.0,10099.0,5623.0,363.0,39544.0,353.0,271.0,1905.0,47904.0,39898.0,2538.0,6.16,3.43,0.22,24.1,0.22,0.17,1.16,29.2,24.32,1.55,93.84,True,False,False,False,False,False,False,False,False,42886.988875169205,43536.405263001,2948.285619502,40588.119643499,0.0677200058592704,0.9322799941407296,False,True,False
La Canada Flintridge,43458.0,10555.0,158.0,0.0,5886.0,0.0,45.0,780.0,1848.0,5886.0,825.0,24.29,0.36,0.0,13.54,0.0,0.1,1.8,4.25,13.54,1.9,75.71,True,False,False,False,False,False,False,False,False,163233.04453704995,6021.527846591,5624.78077556,396.747071031,0.9341118930047608,0.0658881069952391,True,False,True
La Crescenta-Montrose,44771.0,6298.0,58.0,14.0,3563.0,1.0,62.0,250.0,1253.0,3564.0,326.0,14.07,0.13,0.03,7.96,0.0,0.14,0.56,2.8,7.96,0.73,85.93,True,False,False,False,False,False,False,False,False,105638.18024035952,3858.13464211509,3100.518137203062,757.6165049120284,0.803631398281971,0.1963686017180289,True,False,True
La Habra Heights,17095.0,5118.0,25.0,25.0,1188.0,0.0,121.0,151.0,3469.0,1188.0,296.0,29.94,0.15,0.14,6.95,0.0,0.71,0.88,20.29,6.95,1.73,70.06,True,False,False,False,False,False,False,False,False,119066.51962347572,3090.407879675,2629.453771029,460.954108646,0.8508436016884361,0.1491563983115639,True,False,True
La Mirada,57699.0,14070.0,773.0,101.0,9103.0,38.0,26.0,1199.0,18526.0,9141.0,1326.0,24.38,1.34,0.17,15.78,0.07,0.04,2.08,32.11,15.84,2.3,75.62,True,False,False,False,False,False,False,False,False,95056.20373779556,12586.463378094,9611.714365299,2974.749012795,0.763654894672607,0.2363451053273929,True,False,True
La Puente,77736.0,1437.0,338.0,99.0,4346.0,81.0,42.0,129.0,28940.0,4426.0,270.0,1.85,0.43,0.13,5.59,0.1,0.05,0.17,37.23,5.69,0.35,98.15,True,False,False,False,False,False,False,False,False,67232.14602187587,8263.289020447,5227.589352826,3035.699667621,0.632628162937379,0.3673718370626209,True,False,False
La Verne,51740.0,9419.0,719.0,9.0,1458.0,11.0,6.0,382.0,7933.0,1469.0,397.0,18.2,1.39,0.02,2.82,0.02,0.01,0.74,15.33,2.84,0.77,81.8,True,False,False,False,False,False,False,False,False,86537.93290834344,6670.453661259,4632.328313052,2038.125348207,0.6944547624932728,0.3055452375067273,True,False,True
Ladera Heights,36919.0,1768.0,1758.0,17.0,893.0,0.0,14.0,314.0,766.0,893.0,345.0,4.79,4.76,0.05,2.42,0.0,0.04,0.85,2.07,2.42,0.93,95.21,True,False,False,False,False,False,False,False,False,102390.07695623224,2757.165355333,1708.533133292,1048.632222041,0.6196701732042653,0.3803298267957345,True,False,True
Lake Balboa,47307.0,9817.0,1406.0,15.0,2625.0,0.0,399.0,1027.0,11600.0,2625.0,1441.0,20.75,2.97,0.03,5.55,0.0,0.84,2.17,24.52,5.55,3.05,79.25,True,False,False,False,False,False,False,False,False,81504.5535903927,9185.128462899,5598.776188882,3586.352274017,0.6095479460626858,0.3904520539373142,True,False,True
Lake Hughes,7097.0,104.0,5.0,0.0,10.0,0.0,9.0,6.0,77.0,11.0,15.0,1.47,0.07,0.0,0.14,0.0,0.12,0.08,1.09,0.15,0.21,98.53,True,False,False,False,False,False,False,False,False,86377.17026907222,69.934148316,39.383346662,30.550801654000004,0.5631490138986881,0.4368509861013119,True,False,True
Lake Los Angeles,710.0,0.0,0.0,0.0,0.0,0.0,0.0,0.0,0.0,0.0,0.0,0.0,0.0,0.0,0.0,0.0,0.0,0.0,0.0,0.0,0.0,100.0,True,False,False,False,False,False,False,False,False,44208.35054850823,0.0004521,0.00028875,0.00016335,0.6386861313868613,0.3613138686131387,True,False,False
Lake View Terrace,28962.0,2401.0,515.0,3.0,495.0,0.0,40.0,103.0,3764.0,495.0,146.0,8.29,1.78,0.01,1.71,0.0,0.14,0.36,12.99,1.71,0.51,91.71,True,False,False,False,False,False,False,False,False,70813.3452653089,2162.877241351,1489.599303313,673.277938038,0.6887119041405004,0.3112880958594995,True,False,True
Lakewood,123636.0,15362.0,4789.0,161.0,8475.0,642.0,29.0,1338.0,16439.0,9117.0,1527.0,12.43,3.87,0.13,6.86,0.52,0.02,1.08,13.3,7.37,1.24,87.57,True,False,False,False,False,False,False,False,False,93037.05210126546,15519.668964142,10758.093843465,4761.575120677,0.6931909352139817,0.3068090647860182,True,False,True
Lancaster,144254.0,36527.0,22927.0,350.0,4991.0,90.0,127.0,3189.0,46868.0,5081.0,3666.0,25.32,15.89,0.24,3.46,0.06,0.09,2.21,32.49,3.52,2.54,74.68,True,False,False,False,False,False,False,False,False,53091.81005216059,35336.080805158,18284.661472442,17051.419332716,0.5174501828106809,0.482549817189319,True,False,False
Larchmont,14093.0,2158.0,415.0,0.0,1938.0,6.0,1.0,363.0,2831.0,1944.0,364.0,15.31,2.94,0.0,13.75,0.04,0.01,2.58,20.09,13.79,2.58,84.69,True,False,False,False,False,False,False,False,False,66139.53187876058,3020.4698254449995,763.490390937,2256.979434508,0.2527720636389792,0.7472279363610209,False,True,False
Lawndale,63289.0,4757.0,3169.0,57.0,3579.0,326.0,168.0,517.0,20102.0,3905.0,741.0,7.52,5.01,0.09,5.66,0.52,0.26,0.82,31.76,6.17,1.17,92.48,True,False,False,False,False,False,False,False,False,62073.29803203385,9861.377178321,3382.601012993,6478.776165328,0.3430150730294775,0.6569849269705226,False,True,False
Leimert Park,55555.0,790.0,7573.0,0.0,314.0,11.0,1.0,317.0,2547.0,325.0,319.0,1.42,13.63,0.0,0.57,0.02,0.0,0.57,4.58,0.58,0.57,98.58,True,False,False,False,False,False,False,False,False,53354.30868694694,5439.134274638,2475.83355572,2963.300718918,0.4551889015251013,0.5448110984748987,False,True,False
Lennox,29562.0,268.0,474.0,8.0,588.0,145.0,109.0,48.0,13762.0,733.0,165.0,0.91,1.6,0.03,1.99,0.49,0.37,0.16,46.55,2.48,0.56,99.09,True,False,False,False,False,False,False,False,False,51230.40258505469,3683.96522779325,1131.39119880075,2552.5740289925,0.3071123446728269,0.6928876553271731,False,True,False
Leona Valley,14257.0,1557.0,214.0,39.0,132.0,0.0,1.0,47.0,512.0,132.0,87.0,10.92,1.5,0.27,0.93,0.0,0.01,0.33,3.59,0.93,0.61,89.08,True,False,False,False,False,False,False,False,False,109874.00139574292,808.3056659839999,720.3420604410001,87.963605543,0.8911753198761555,0.1088246801238446,True,False,True
Lincoln Heights,62064.0,1410.0,353.0,2.0,5527.0,22.0,7.0,167.0,17972.0,5549.0,176.0,2.27,0.57,0.0,8.9,0.04,0.01,0.27,28.96,8.94,0.28,97.73,True,False,False,False,False,False,False,False,False,42221.7983831197,7349.283215481,2079.997293734,5269.285921747,0.2830204297138203,0.7169795702861795,False,True,False
Littlerock,17950.0,117.0,7.0,8.0,0.0,0.0,0.0,7.0,245.0,0.0,14.0,0.65,0.04,0.04,0.0,0.0,0.0,0.04,1.37,0.0,0.08,99.35,True,False,False,False,False,False,False,False,False,49022.93146320022,100.179399765,67.172938492,33.006461273,0.670526462022868,0.3294735379771318,True,False,False
Lomita,37058.0,2660.0,477.0,52.0,1314.0,5.0,0.0,325.0,2742.0,1319.0,377.0,7.18,1.29,0.14,3.55,0.01,0.0,0.88,7.4,3.56,1.02,92.82,True,False,False,False,False,False,False,False,False,70798.34115942972,2881.426696785,1541.8009459945,1339.6257507905,0.5350824810899372,0.4649175189100628,True,False,True
Long Beach,433331.0,97773.0,45478.0,1202.0,46949.0,2292.0,1299.0,9559.0,149966.0,49241.0,12060.0,22.56,10.49,0.28,10.83,0.53,0.3,2.21,34.61,11.36,2.78,77.44,True,False,False,False,False,False,False,False,False,63022.65015664789,126967.8430524316,49390.6679920705,77577.1750603611,0.3890013944056255,0.6109986055943745,False,True,False
Lopez/Kagel Canyons,6072.0,6.0,1.0,0.0,0.0,0.0,0.0,0.0,5.0,0.0,0.0,0.1,0.01,0.0,0.01,0.0,0.0,0.0,0.08,0.01,0.0,99.9,True,False,False,False,False,False,False,False,False,78773.62629100139,3.902232612,3.210620055,0.6916125570000001,0.8227649077419991,0.1772350922580009,True,False,True
Los Feliz,55340.0,21543.0,700.0,73.0,3722.0,70.0,103.0,1052.0,5127.0,3793.0,1228.0,38.93,1.26,0.13,6.73,0.13,0.19,1.9,9.27,6.85,2.22,61.07,True,False,False,False,False,False,False,False,False,76217.7502912873,16860.55667453,3912.7853607,12947.77131383,0.2320673887719708,0.7679326112280294,False,True,True
Lynwood,100735.0,602.0,2716.0,128.0,111.0,94.0,14.0,37.0,31707.0,205.0,179.0,0.6,2.7,0.13,0.11,0.09,0.01,0.04,31.48,0.2,0.18,99.4,True,False,False,False,False,False,False,False,False,53028.344107464814,7892.967316225203,3871.20260045532,4021.764715769883,0.4904622615752468,0.5095377384247531,False,True,False
Malibu,0.0,0.0,0.0,0.0,0.0,0.0,0.0,0.0,0.0,0.0,0.0,,,,,,,,,,,,False,False,False,False,False,False,False,False,False,150265.93781176614,0.0,0.0,0.0,,,False,False,True
Manchester Square,19827.0,220.0,7083.0,1.0,66.0,0.0,9.0,291.0,3658.0,67.0,301.0,1.11,35.72,0.0,0.34,0.0,0.05,1.47,18.45,0.34,1.52,98.89,True,False,False,False,False,False,False,False,False,48950.65816057693,3926.31772004,2143.863175626,1782.454544414,0.5460238647228374,0.4539761352771627,True,False,False
Manhattan Beach,29323.0,12207.0,79.0,61.0,1683.0,8.0,9.0,746.0,1169.0,1691.0,815.0,41.63,0.27,0.21,5.74,0.03,0.03,2.54,3.99,5.77,2.78,58.37,True,False,False,False,False,False,False,False,False,162699.96440420256,5912.2888947110005,4245.089707862,1667.199186849,0.7180112107951222,0.2819887892048777,True,False,True
Mar Vista,43202.0,12608.0,1121.0,65.0,3781.0,110.0,214.0,1090.0,6160.0,3892.0,1370.0,29.18,2.6,0.15,8.75,0.26,0.5,2.52,14.26,9.01,3.17,70.82,True,False,False,False,False,False,False,False,False,82489.76206942771,10684.826165236,4046.148406056,6638.67775918,0.378681725232039,0.621318274767961,False,True,True
Marina del Rey,28752.0,3.0,0.0,0.0,1.0,0.0,0.0,0.0,0.0,1.0,0.0,0.01,0.0,0.0,0.0,0.0,0.0,0.0,0.0,0.0,0.0,99.99,True,False,False,False,False,False,False,False,False,117961.64945480756,2.625037654899251,1.5246744289797312,1.1003632259195202,0.5808200221944048,0.4191799778055953,True,False,True
Mayflower Village,20563.0,1113.0,529.0,3.0,917.0,85.0,34.0,128.0,4394.0,1003.0,165.0,5.41,2.57,0.02,4.46,0.41,0.17,0.62,21.37,4.88,0.8,94.59,True,False,False,False,False,False,False,False,False,77625.19623676792,1818.299862267,1241.412981035,576.886881232,0.6827328136555237,0.3172671863444763,True,False,True
Maywood,30139.0,166.0,58.0,0.0,58.0,0.0,8.0,5.0,16866.0,58.0,13.0,0.55,0.19,0.0,0.19,0.0,0.03,0.02,55.96,0.19,0.04,99.45,True,False,False,False,False,False,False,False,True,43627.96111376399,4151.070367087224,961.9861891440694,3189.084177943154,0.2317441296036348,0.7682558703963651,False,True,False
Mid-City,79723.0,7929.0,9593.0,23.0,2661.0,0.0,976.0,934.0,20798.0,2661.0,1933.0,9.95,12.03,0.03,3.34,0.0,1.22,1.17,26.09,3.34,2.42,90.05,True,False,False,False,False,False,False,False,False,61800.641188077214,16062.470501835,4977.4190587032,11085.0514431318,0.3098787984161323,0.6901212015838677,False,True,False
Mid-Wilshire,70061.0,16358.0,5441.0,56.0,8042.0,71.0,869.0,1514.0,7626.0,8112.0,2439.0,23.35,7.77,0.08,11.48,0.1,1.24,2.16,10.88,11.58,3.48,76.65,True,False,False,False,False,False,False,False,False,75184.54544652297,18807.393813035,3761.047532774,15046.346280261,0.1999770712605219,0.800022928739478,False,True,True
Mission Hills,47224.0,2918.0,164.0,35.0,1912.0,252.0,152.0,134.0,13649.0,2164.0,321.0,6.18,0.35,0.07,4.05,0.53,0.32,0.28,28.9,4.58,0.68,93.82,True,False,False,False,False,False,False,False,False,74767.37794077274,5370.0195224025,3841.714141498,1528.3053809045,0.7154004050583508,0.2845995949416492,True,False,True
Monrovia,58739.0,9366.0,1060.0,1.0,3703.0,388.0,8.0,873.0,7928.0,4091.0,882.0,15.95,1.8,0.0,6.3,0.66,0.01,1.49,13.5,6.96,1.5,84.05,True,False,False,False,False,False,False,False,False,78481.55310253902,8423.130626046699,4650.6041519937,3772.526474053,0.5521230001601445,0.4478769998398555,True,False,True
Montebello,108891.0,3959.0,375.0,91.0,8121.0,7.0,62.0,362.0,44623.0,8128.0,515.0,3.64,0.34,0.08,7.46,0.01,0.06,0.33,40.98,7.46,0.47,96.36,True,False,False,False,False,False,False,False,False,56538.72856868253,17134.263650973,7709.015025355,9425.248625618,0.4499180812428568,0.5500819187571431,False,True,False
Montecito Heights,55668.0,3004.0,634.0,27.0,3776.0,1.0,81.0,401.0,11526.0,3776.0,510.0,5.4,1.14,0.05,6.78,0.0,0.15,0.72,20.7,6.78,0.92,94.6,True,False,False,False,False,False,False,False,False,68307.8993988595,6452.44328816,3379.2348089280003,3073.208479232,0.5237139883319508,0.4762860116680493,True,False,True
Monterey Park,88329.0,1227.0,219.0,214.0,20377.0,108.0,8.0,281.0,8688.0,20484.0,503.0,1.39,0.25,0.24,23.07,0.12,0.01,0.32,9.84,23.19,0.57,98.61,True,False,False,False,False,False,False,False,False,60794.967178661456,10851.204765298,5594.562455745,5256.642309553,0.5155706280316755,0.4844293719683245,True,False,False
Mount Washington,33229.0,3318.0,238.0,0.0,1657.0,0.0,116.0,336.0,4905.0,1657.0,452.0,9.99,0.72,0.0,4.99,0.0,0.35,1.01,14.76,4.99,1.36,90.01,True,False,False,False,False,False,False,False,False,92901.38072393092,3664.591457078,2417.184471396,1247.406985682,0.6596054429825493,0.3403945570174507,True,False,True
North El Monte,8753.0,575.0,23.0,2.0,1055.0,0.0,0.0,68.0,595.0,1055.0,70.0,6.56,0.26,0.02,12.05,0.0,0.0,0.78,6.8,12.05,0.8,93.44,True,False,False,False,False,False,False,False,False,63994.86376563456,763.302746192,454.066004547,309.236741645,0.5948701309045008,0.4051298690954992,True,False,False
North Hills,119518.0,9643.0,2321.0,9.0,8671.0,27.0,216.0,1149.0,38825.0,8698.0,1374.0,8.07,1.94,0.01,7.25,0.02,0.18,0.96,32.48,7.28,1.15,91.93,True,False,False,False,False,False,False,False,False,63005.69419128169,16153.775021813,7440.017920314,8713.757101499,0.4605745660235757,0.5394254339764243,False,True,False
North Hollywood,121813.0,25635.0,4218.0,66.0,5110.0,185.0,212.0,1571.0,32066.0,5295.0,1848.0,21.04,3.46,0.05,4.2,0.15,0.17,1.29,26.32,4.35,1.52,78.96,True,False,False,False,False,False,False,False,False,51070.229131796725,27740.732310731,6095.545321058999,21645.186989672,0.2197326751428637,0.7802673248571362,False,True,False
North Whittier,31197.0,1730.0,47.0,10.0,1149.0,5.0,78.0,72.0,3731.0,1154.0,161.0,5.55,0.15,0.03,3.68,0.02,0.25,0.23,11.96,3.7,0.52,94.45,True,False,False,False,False,False,False,False,False,101832.32144265225,2238.23572269,1903.892038423,334.343684267,0.8506217728197223,0.1493782271802777,True,False,True
Northeast Antelope Valley,35803.0,3502.0,442.0,141.0,102.0,1.0,5.0,242.0,6490.0,103.0,388.0,9.78,1.23,0.39,0.28,0.0,0.01,0.67,18.13,0.29,1.08,90.22,True,False,False,False,False,False,False,False,False,48243.279104691486,3094.859084537,2123.944980621,970.914103916,0.6862816440441418,0.3137183559558582,True,False,False
Northridge,119185.0,19948.0,3988.0,18.0,9844.0,227.0,232.0,1595.0,21115.0,10072.0,1845.0,16.74,3.35,0.02,8.26,0.19,0.2,1.34,17.72,8.45,1.55,83.26,True,False,False,False,False,False,False,False,False,75787.32250511163,17796.277244948,9378.37595452,8417.901290428,0.5269852691906298,0.4730147308093703,True,False,True
Northwest Antelope Valley,27385.0,3486.0,401.0,55.0,172.0,5.0,7.0,192.0,1415.0,177.0,254.0,12.73,1.46,0.2,0.63,0.02,0.02,0.7,5.17,0.65,0.93,87.27,True,False,False,False,False,False,False,False,False,71238.42687506852,2027.077921376,1545.704600938,481.373320438,0.7625284576572966,0.2374715423427034,True,False,True
Northwest Palmdale,42113.0,2256.0,203.0,12.0,449.0,8.0,26.0,119.0,1263.0,458.0,156.0,5.36,0.48,0.03,1.07,0.02,0.06,0.28,3.0,1.09,0.37,94.64,True,False,False,False,False,False,False,False,False,111607.37151413548,1188.0341598850002,1070.021687962,118.012471923,0.9006657586896124,0.0993342413103874,True,False,True
Norwalk,152035.0,9649.0,4316.0,164.0,13995.0,665.0,161.0,908.0,68316.0,14660.0,1233.0,6.35,2.84,0.11,9.21,0.44,0.11,0.6,44.93,9.64,0.81,93.65,True,False,False,False,False,False,False,False,False,72317.38970834504,25555.409724704,16006.446358473,9548.963366231,0.6263427795094135,0.3736572204905865,True,False,True
Pacific Palisades,53119.0,18084.0,87.0,9.0,1180.0,5.0,39.0,1237.0,1257.0,1185.0,1285.0,34.04,0.16,0.02,2.22,0.01,0.07,2.33,2.37,2.23,2.42,65.96,True,False,False,False,False,False,False,False,False,192849.301178976,8789.811358395,6927.744279212,1862.067079183,0.7881561954791474,0.2118438045208525,True,False,True
Pacoima,95405.0,1401.0,1228.0,106.0,1095.0,31.0,236.0,212.0,38949.0,1126.0,554.0,1.47,1.29,0.11,1.15,0.03,0.25,0.22,40.82,1.18,0.58,98.53,True,False,False,False,False,False,False,False,False,55997.71072055057,9404.728133439,5423.357692493,3981.370440946,0.5766628886602229,0.4233371113397771,True,False,False
Palmdale,210866.0,30539.0,19483.0,752.0,6961.0,231.0,213.0,2341.0,96194.0,7192.0,3306.0,14.48,9.24,0.36,3.3,0.11,0.1,1.11,45.62,3.41,1.57,85.52,True,False,False,False,False,False,False,False,False,61683.88156935264,43581.04338780688,28106.36653752265,15474.676850284228,0.6449218364832968,0.3550781635167032,True,False,False
Palms,76816.0,14805.0,3303.0,82.0,8560.0,151.0,288.0,1330.0,7339.0,8711.0,1699.0,19.27,4.3,0.11,11.14,0.2,0.37,1.73,9.55,11.34,2.21,80.73,True,False,False,False,False,False,False,False,False,76694.25155735329,17933.4871034901,2392.309488399,15541.1776150911,0.1333990135099505,0.8666009864900494,False,True,True
Palos Verdes Estates,31560.0,7238.0,41.0,2.0,2517.0,0.0,27.0,346.0,855.0,2517.0,374.0,22.93,0.13,0.01,7.98,0.0,0.08,1.1,2.71,7.98,1.19,77.07,True,False,False,False,False,False,False,False,False,192064.0155823608,4031.175511944,3482.462256349,548.713255595,0.8638825687521634,0.1361174312478366,True,False,True
Panorama City,129219.0,5912.0,2265.0,58.0,9986.0,45.0,179.0,254.0,50438.0,10031.0,490.0,4.58,1.75,0.04,7.73,0.04,0.14,0.2,39.03,7.76,0.38,95.42,True,False,False,False,False,False,False,False,False,45908.5426964255,18954.913214155,6338.535297711,12616.377916444,0.3344006499052477,0.6655993500947522,False,True,False
Paramount,89806.0,2982.0,4363.0,27.0,1535.0,232.0,113.0,468.0,40618.0,1767.0,608.0,3.32,4.86,0.03,1.71,0.26,0.13,0.52,45.23,1.97,0.68,96.68,True,False,False,False,False,False,False,False,False,57206.63246701488,13307.577660231,5652.679740385,7654.897919846,0.4247715012235275,0.5752284987764725,False,True,False
Pasadena,174023.0,35254.0,5819.0,90.0,14330.0,70.0,387.0,3058.0,23775.0,14399.0,3535.0,20.26,3.34,0.05,8.23,0.04,0.22,1.76,13.66,8.27,2.03,79.74,True,False,False,False,False,False,False,False,False,84653.22692700691,32131.539486471,18216.296998222,13915.242488249,0.5669288583540164,0.4330711416459836,True,False,True
Pico Rivera,112104.0,1882.0,238.0,52.0,964.0,23.0,17.0,125.0,32465.0,987.0,194.0,1.68,0.21,0.05,0.86,0.02,0.01,0.11,28.96,0.88,0.17,98.32,True,False,False,False,False,False,False,False,False,67710.34973885986,9385.131373982253,6785.777361914739,2599.3540120675143,0.723034882679051,0.276965117320949,True,False,False
Pico-Robertson,35143.0,12614.0,466.0,8.0,1245.0,1.0,58.0,599.0,1350.0,1246.0,665.0,35.89,1.33,0.02,3.54,0.0,0.16,1.71,3.84,3.54,1.89,64.11,True,False,False,False,False,False,False,False,False,84067.0795984124,7252.003782838,1787.371007234,5464.632775604,0.2464658128645556,0.7535341871354444,False,True,True
Pico-Union,77351.0,1486.0,1225.0,61.0,4476.0,12.0,90.0,109.0,34282.0,4488.0,259.0,1.92,1.58,0.08,5.79,0.02,0.12,0.14,44.32,5.8,0.34,98.08,True,False,False,False,False,False,False,False,False,35230.84854279677,13048.332839176,1246.899770054,11801.433069122,0.0955600830713283,0.9044399169286716,False,True,False
Playa Vista,42333.0,7196.0,849.0,0.0,3274.0,0.0,0.0,575.0,2103.0,3274.0,575.0,17.0,2.01,0.0,7.73,0.0,0.0,1.36,4.97,7.73,1.36,83.0,True,False,False,False,False,False,False,False,False,139705.09236367207,6507.71230861,2425.851562238,4081.860746372,0.3727656428555527,0.6272343571444473,False,True,True
Playa del Rey,40891.0,4661.0,610.0,27.0,853.0,0.0,47.0,223.0,869.0,853.0,297.0,11.4,1.49,0.07,2.08,0.0,0.12,0.54,2.12,2.08,0.73,88.6,True,False,False,False,False,False,False,False,False,106799.89773995124,4065.132510475,1975.116297698,2090.016212777,0.4858676298026047,0.5141323701973954,False,True,True
Pomona,186064.0,14374.0,6913.0,323.0,13782.0,110.0,446.0,1885.0,97522.0,13893.0,2654.0,7.73,3.72,0.17,7.41,0.06,0.24,1.01,52.41,7.47,1.43,92.27,True,False,False,False,False,False,False,False,True,61579.59805189973,34324.558276731805,18548.78360003021,15775.774676701592,0.5403939491511011,0.4596060508488989,True,False,False
Porter Ranch,71816.0,10646.0,838.0,22.0,6333.0,0.0,15.0,771.0,3229.0,6333.0,808.0,14.82,1.17,0.03,8.82,0.0,0.02,1.07,4.5,8.82,1.12,85.18,True,False,False,False,False,False,False,False,False,130916.62696666464,7285.630102759,6352.528148535001,933.101954224,0.8719257029161223,0.1280742970838779,True,False,True
Quartz Hill,55649.0,2937.0,453.0,16.0,208.0,0.0,1.0,201.0,1657.0,208.0,218.0,5.28,0.81,0.03,0.37,0.0,0.0,0.36,2.98,0.37,0.39,94.72,True,False,False,False,False,False,False,False,False,86432.17488359658,1864.729494109,1445.498058006,419.231436103,0.7751784173375151,0.2248215826624847,True,False,True
Ramona,36045.0,1051.0,213.0,4.0,872.0,1.0,6.0,151.0,1890.0,873.0,161.0,2.92,0.59,0.01,2.42,0.0,0.02,0.42,5.24,2.42,0.45,97.08,True,False,False,False,False,False,False,False,False,86315.74195251396,858.6174393840001,636.2510656510001,222.366373733,0.7410181024362458,0.2589818975637541,True,False,True
Rancho Dominguez,19292.0,1.0,7.0,0.0,1.0,0.0,0.0,0.0,9.0,1.0,0.0,0.0,0.03,0.0,0.01,0.0,0.0,0.0,0.04,0.01,0.0,100.0,True,False,False,False,False,False,False,False,False,69760.71047461589,5.056465053999999,3.718391976,1.338073078,0.7353738108124578,0.2646261891875422,True,False,True
Rancho Palos Verdes,69444.0,11549.0,367.0,39.0,7043.0,149.0,36.0,1089.0,3177.0,7192.0,1164.0,16.63,0.53,0.06,10.14,0.21,0.05,1.57,4.57,10.36,1.68,83.37,True,False,False,False,False,False,False,False,False,134965.47146516282,8648.346530532,6851.95526426,1796.391266272,0.7922850038524653,0.2077149961475347,True,False,True
Rancho Park,20513.0,1523.0,165.0,22.0,794.0,12.0,6.0,125.0,375.0,805.0,152.0,7.42,0.81,0.11,3.87,0.06,0.03,0.61,1.83,3.92,0.74,92.58,True,False,False,False,False,False,False,False,False,84613.27584694397,1384.390853021,529.65583376,854.7350192609999,0.3825912549221138,0.6174087450778862,False,True,True
Redondo Beach,107099.0,20359.0,1029.0,59.0,4573.0,25.0,291.0,2160.0,4795.0,4598.0,2510.0,19.01,0.96,0.05,4.27,0.02,0.27,2.02,4.48,4.29,2.34,80.99,True,False,False,False,False,False,False,False,False,116320.84707794436,13733.944285184,7161.111866008001,6572.832419176,0.52141698825248,0.47858301174752,True,False,True
Reseda,102493.0,19258.0,2760.0,209.0,9147.0,70.0,385.0,1435.0,40396.0,9217.0,2029.0,18.79,2.69,0.2,8.92,0.07,0.38,1.4,39.41,8.99,1.98,81.21,True,False,False,False,False,False,False,False,False,64274.44920397282,21584.432758238,10378.763476463,11205.669281775,0.4808448566943136,0.5191551433056865,False,True,False
Ridge Route,15514.0,3846.0,135.0,4.0,288.0,16.0,150.0,299.0,2210.0,304.0,452.0,24.79,0.87,0.02,1.86,0.1,0.96,1.93,14.24,1.96,2.91,75.21,True,False,False,False,False,False,False,False,False,96999.90378321614,2189.450437366,1576.995311873,612.455125493,0.7202699293664719,0.279730070633528,True,False,True
Rolling Hills,15096.0,42.0,1.0,0.0,19.0,0.0,0.0,5.0,5.0,19.0,6.0,0.28,0.01,0.0,0.12,0.0,0.0,0.03,0.03,0.12,0.04,99.72,True,False,False,False,False,False,False,False,False,189620.118889688,27.546775658,22.738930721000003,4.8078449370000005,0.8254661454142374,0.1745338545857627,True,False,True
Rolling Hills Estates,46834.0,3122.0,141.0,7.0,1934.0,2.0,11.0,264.0,560.0,1936.0,281.0,6.67,0.3,0.01,4.13,0.0,0.02,0.56,1.2,4.13,0.6,93.33,True,False,False,False,False,False,False,False,False,161920.32345624047,2170.821491938,1993.675176389,177.146315549,0.9183966455985044,0.0816033544014955,True,False,True
Rosemead,76927.0,1206.0,132.0,25.0,18743.0,11.0,0.0,265.0,8671.0,18754.0,290.0,1.57,0.17,0.03,24.37,0.01,0.0,0.34,11.27,24.38,0.38,98.43,True,False,False,False,False,False,False,False,False,58758.04201277156,7841.742025347,3696.032558118,4145.709467229,0.4713279965307771,0.5286720034692229,False,True,False
Rowland Heights,48174.0,2339.0,470.0,171.0,16676.0,136.0,38.0,406.0,8903.0,16812.0,615.0,4.85,0.98,0.36,34.62,0.28,0.08,0.84,18.48,34.9,1.28,95.15,True,False,False,False,False,False,False,False,False,77973.56016180386,8485.578014273,4793.078293963,3692.49972031,0.5648499472753531,0.4351500527246468,True,False,True
San Dimas,88858.0,15301.0,578.0,148.0,4574.0,14.0,28.0,1021.0,11828.0,4588.0,1197.0,17.22,0.65,0.17,5.15,0.02,0.03,1.15,13.31,5.16,1.35,82.78,True,False,False,False,False,False,False,False,False,88553.61752176684,11265.484771349,7985.976037839,3279.50873351,0.7088888050471981,0.2911111949528019,True,False,True
San Fernando,50923.0,680.0,41.0,123.0,133.0,6.0,14.0,18.0,16053.0,139.0,156.0,1.34,0.08,0.24,0.26,0.01,0.03,0.04,31.52,0.27,0.31,98.66,True,False,False,False,False,False,False,False,False,57842.65488725933,4710.6531253576,2192.8498136698,2517.8033116878,0.4655086577836984,0.5344913422163017,False,True,False
San Gabriel,69389.0,3678.0,228.0,39.0,19577.0,14.0,45.0,440.0,8953.0,19591.0,524.0,5.3,0.33,0.06,28.21,0.02,0.06,0.63,12.9,28.23,0.76,94.7,True,False,False,False,False,False,False,False,False,63700.8518378061,10239.070308626,4392.950253442,5846.120055184,0.4290380006220992,0.5709619993779007,False,True,False
San Marino,51572.0,49.0,6.0,0.0,39.0,0.0,1.0,3.0,25.0,39.0,5.0,0.09,0.01,0.0,0.08,0.0,0.0,0.01,0.05,0.08,0.01,99.91,True,False,False,False,False,False,False,False,False,167001.3573280246,49.581736238,29.556492136,20.025244102,0.5961165214974374,0.4038834785025625,True,False,True
San Pasqual,11320.0,922.0,95.0,0.0,528.0,0.0,11.0,29.0,410.0,528.0,40.0,8.14,0.84,0.0,4.66,0.0,0.1,0.26,3.62,4.66,0.36,91.86,True,False,False,False,False,False,False,False,False,100937.38246903838,928.104173556,503.259616854,424.844556702,0.5422447513901135,0.4577552486098865,True,False,True
San Pedro,90479.0,20360.0,4052.0,81.0,4726.0,122.0,110.0,2010.0,31001.0,4848.0,2201.0,22.5,4.48,0.09,5.22,0.13,0.12,2.22,34.26,5.36,2.43,77.5,True,False,False,False,False,False,False,False,False,61257.58230103225,23636.2907350848,9663.416145225,13972.8745898598,0.4088380978865265,0.5911619021134734,False,True,False
Santa Clarita,227432.0,78882.0,6248.0,386.0,17457.0,158.0,391.0,5841.0,61459.0,17615.0,6618.0,34.68,2.75,0.17,7.68,0.07,0.17,2.57,27.02,7.75,2.91,65.32,True,False,False,False,False,False,False,False,False,95615.01920035345,55692.111546932,37263.624517167,18428.487029765,0.669100586817664,0.330899413182336,True,False,True
Santa Fe Springs,110981.0,2307.0,632.0,44.0,1233.0,10.0,178.0,158.0,15188.0,1243.0,380.0,2.08,0.57,0.04,1.11,0.01,0.16,0.14,13.69,1.12,0.34,97.92,True,False,False,False,False,False,False,False,False,68645.92217027135,5613.871221170663,3687.654131500393,1926.2170896702703,0.6568825657406877,0.3431174342593123,True,False,True
Santa Monica,98450.0,41563.0,3249.0,62.0,6355.0,87.0,349.0,3220.0,11184.0,6442.0,3631.0,42.22,3.3,0.06,6.45,0.09,0.35,3.27,11.36,6.54,3.69,57.78,True,False,False,False,False,False,False,False,False,96514.95902347995,33724.76733618923,8277.89167849358,25446.87565769565,0.2454543747025579,0.7545456252974421,False,True,True
Sawtelle,74819.0,15220.0,953.0,4.0,5254.0,5.0,63.0,1204.0,4492.0,5259.0,1271.0,20.34,1.27,0.0,7.02,0.01,0.08,1.61,6.0,7.03,1.7,79.66,True,False,False,False,False,False,False,False,False,85727.2335500835,13216.225008370964,3626.396202928838,9589.828805442126,0.2743897142059803,0.7256102857940198,False,True,True
Sepulveda Basin,33749.0,510.0,42.0,6.0,60.0,0.0,1.0,23.0,197.0,61.0,30.0,1.51,0.12,0.02,0.18,0.0,0.0,0.07,0.58,0.18,0.09,98.49,True,False,False,False,False,False,False,False,False,105241.47578635078,309.212212925,173.237816588,135.974396337,0.5602554147174618,0.4397445852825381,True,False,True
Shadow Hills,26660.0,587.0,4.0,0.0,59.0,0.0,1.0,21.0,532.0,59.0,22.0,2.2,0.01,0.0,0.22,0.0,0.0,0.08,2.0,0.22,0.08,97.8,True,False,False,False,False,False,False,False,False,91864.40311980544,399.77596237,246.29938478,153.47657759,0.6160935322870799,0.3839064677129202,True,False,True
Sherman Oaks,104633.0,42565.0,3397.0,16.0,4601.0,24.0,255.0,2846.0,8913.0,4625.0,3116.0,40.68,3.25,0.02,4.4,0.02,0.24,2.72,8.52,4.42,2.98,59.32,True,False,False,False,False,False,False,False,False,91252.66403516036,28468.231468796,11523.026269026,16945.20519977,0.4047679000241507,0.5952320999758494,False,True,True
Sierra Madre,15759.0,2754.0,47.0,8.0,745.0,0.0,58.0,183.0,243.0,745.0,249.0,17.48,0.3,0.05,4.73,0.0,0.37,1.16,1.54,4.73,1.58,82.52,True,False,False,False,False,False,False,False,False,102251.18609901171,1668.643976375,1350.4042726589998,318.239703716,0.809282442377342,0.1907175576226578,True,False,True
Signal Hill,42726.0,2171.0,797.0,0.0,2062.0,21.0,6.0,273.0,3093.0,2083.0,279.0,5.08,1.87,0.0,4.83,0.05,0.01,0.64,7.24,4.88,0.65,94.92,True,False,False,False,False,False,False,False,False,75213.70003975513,3380.865926706,1401.374360105,1979.491566601,0.4145016071283158,0.585498392871684,False,True,True
Silver Lake,76902.0,12008.0,556.0,59.0,3921.0,29.0,14.0,927.0,8621.0,3951.0,1000.0,15.61,0.72,0.08,5.1,0.04,0.02,1.21,11.21,5.14,1.3,84.39,True,False,False,False,False,False,False,False,False,87031.89611136453,11848.889650731,3616.901508216,8231.988142515,0.3052523582235286,0.6947476417764714,False,True,True
South Diamond Bar,12541.0,699.0,270.0,3.0,3188.0,19.0,0.0,111.0,779.0,3207.0,113.0,5.58,2.15,0.02,25.42,0.15,0.0,0.88,6.21,25.57,0.9,94.42,True,False,False,False,False,False,False,False,False,118831.72666338678,1584.006749469,1224.6295994400002,359.377150029,0.7731214528287381,0.226878547171262,True,False,True
South El Monte,53816.0,341.0,34.0,9.0,3172.0,103.0,5.0,28.0,16596.0,3275.0,42.0,0.63,0.06,0.02,5.89,0.19,0.01,0.05,30.84,6.09,0.08,99.37,True,False,False,False,False,False,False,False,False,50651.91055553831,4833.607758805,1961.715864439,2871.891894366,0.4058492046371569,0.5941507953628431,False,True,False
South Gate,173621.0,2613.0,422.0,81.0,526.0,173.0,14.0,165.0,77838.0,699.0,261.0,1.51,0.24,0.05,0.3,0.1,0.01,0.1,44.83,0.4,0.15,98.49,True,False,False,False,False,False,False,False,False,52513.55313822664,20793.133606222,9469.699750005,11323.433856217,0.4554243688970165,0.5445756311029835,False,True,False
South Park,69340.0,168.0,3642.0,68.0,126.0,7.0,54.0,269.0,31459.0,133.0,391.0,0.24,5.25,0.1,0.18,0.01,0.08,0.39,45.37,0.19,0.56,99.76,True,False,False,False,False,False,False,False,False,37113.38704309031,8386.408201759,2463.493511536,5922.914690223,0.293748342826825,0.7062516571731748,False,True,False
South Pasadena,52389.0,10919.0,796.0,47.0,7790.0,0.0,140.0,1196.0,4784.0,7790.0,1383.0,20.84,1.52,0.09,14.87,0.0,0.27,2.28,9.13,14.87,2.64,79.16,True,False,False,False,False,False,False,False,False,105987.66262121576,9829.72291693931,4659.94704389973,5169.77587303958,0.4740669786194443,0.5259330213805556,False,True,True
South San Gabriel,40116.0,342.0,30.0,11.0,3280.0,0.0,0.0,71.0,2399.0,3280.0,82.0,0.85,0.08,0.03,8.18,0.0,0.0,0.18,5.98,8.18,0.2,99.15,True,False,False,False,False,False,False,False,False,62297.411056523706,1589.891438108288,1058.284246715436,531.6071913928519,0.6656330245885355,0.3343669754114645,True,False,False
South San Jose Hills,52297.0,628.0,201.0,0.0,2016.0,18.0,12.0,49.0,16691.0,2034.0,61.0,1.2,0.38,0.0,3.86,0.03,0.02,0.09,31.92,3.89,0.12,98.8,True,False,False,False,False,False,False,False,False,68782.69251457416,4174.82609832,2918.193816776,1256.632281544,0.6989976942872701,0.3010023057127299,True,False,True
South Whittier,59310.0,3485.0,114.0,195.0,1199.0,153.0,553.0,177.0,23956.0,1352.0,925.0,5.88,0.19,0.33,2.02,0.26,0.93,0.3,40.39,2.28,1.56,94.12,True,False,False,False,False,False,False,False,False,73321.11301627921,7313.94292724,4708.580165687,2605.362761553,0.6437813656092933,0.3562186343907065,True,False,True
Southeast Antelope Valley,48038.0,2551.0,315.0,42.0,258.0,10.0,9.0,190.0,2729.0,268.0,241.0,5.31,0.66,0.09,0.54,0.02,0.02,0.39,5.68,0.56,0.5,94.69,True,False,False,False,False,False,False,False,False,66738.25664424598,2157.1781290920003,1606.467485858,550.710643234,0.7447078496638544,0.2552921503361455,True,False,False
Stevenson Ranch,13131.0,2131.0,153.0,0.0,858.0,0.0,0.0,331.0,558.0,858.0,331.0,16.23,1.16,0.0,6.54,0.0,0.0,2.52,4.25,6.54,2.52,83.77,True,False,False,False,False,False,False,False,False,157353.77218097448,1242.256684824,1072.532125359,169.724559465,0.8633740018963583,0.1366259981036416,True,False,True
Studio City,66761.0,25533.0,1578.0,95.0,3123.0,39.0,65.0,1540.0,3905.0,3161.0,1699.0,38.25,2.36,0.14,4.68,0.06,0.1,2.31,5.85,4.74,2.55,61.75,True,False,False,False,False,False,False,False,False,104257.1800992606,16638.239530006,7353.772288431,9284.467241575,0.441980191183625,0.5580198088163748,False,True,True
Sun Valley,109796.0,12881.0,1461.0,15.0,4593.0,3.0,92.0,853.0,47847.0,4596.0,961.0,11.73,1.33,0.01,4.18,0.0,0.08,0.78,43.58,4.19,0.87,88.27,True,False,False,False,False,False,False,False,False,55681.827356928174,18480.73614354206,8939.62956742945,9541.10657611261,0.4837269196418525,0.5162730803581475,False,True,False
Sun Village,22232.0,601.0,154.0,32.0,37.0,0.0,0.0,44.0,1700.0,37.0,77.0,2.7,0.69,0.14,0.17,0.0,0.0,0.2,7.65,0.17,0.34,97.3,True,False,False,False,False,False,False,False,False,49023.00526451768,648.6564091639999,439.368802016,209.287607148,0.6773521325138319,0.3226478674861683,True,False,False
Sunland,23962.0,8387.0,201.0,0.0,1744.0,0.0,88.0,346.0,3516.0,1744.0,434.0,35.0,0.84,0.0,7.28,0.0,0.37,1.45,14.67,7.28,1.81,65.0,True,False,False,False,False,False,False,False,False,87807.15112166808,5220.122833177,3610.073097550001,1610.049735627,0.6915686111073535,0.3084313888926467,True,False,True
Sylmar,85290.0,4392.0,1377.0,42.0,2198.0,25.0,73.0,257.0,38313.0,2223.0,372.0,5.15,1.61,0.05,2.58,0.03,0.09,0.3,44.92,2.61,0.44,94.85,True,False,False,False,False,False,False,False,False,73642.19768948776,11928.914612719447,7272.7149687701185,4656.19964394933,0.6096711398215088,0.3903288601784911,True,False,True
Tarzana,60924.0,24296.0,2399.0,25.0,2579.0,6.0,253.0,1430.0,6350.0,2585.0,1708.0,39.88,3.94,0.04,4.23,0.01,0.42,2.35,10.42,4.24,2.8,60.12,True,False,False,False,False,False,False,False,False,80618.06045498127,14202.315419053,7883.938699389,6318.376719664,0.5551164346633484,0.4448835653366516,True,False,True
Temple City,63807.0,5606.0,370.0,111.0,22248.0,189.0,8.0,625.0,7339.0,22437.0,744.0,8.79,0.58,0.17,34.87,0.3,0.01,0.98,11.5,35.16,1.17,91.21,True,False,False,False,False,False,False,False,False,76894.59365283216,11752.452877607,6896.867188173,4855.585689434,0.5868449131427038,0.4131550868572962,True,False,True
Toluca Lake,37833.0,5990.0,326.0,0.0,836.0,7.0,0.0,326.0,2078.0,844.0,326.0,15.83,0.86,0.0,2.21,0.02,0.0,0.86,5.49,2.23,0.86,84.17,True,False,False,False,False,False,False,False,False,87439.75267616443,4680.764977868,1702.2568365389998,2978.508141329,0.3636706488336327,0.6363293511663674,False,True,True
Topanga,23392.0,4735.0,73.0,78.0,311.0,0.0,7.0,217.0,576.0,311.0,302.0,20.24,0.31,0.33,1.33,0.0,0.03,0.93,2.46,1.33,1.29,79.76,True,False,False,False,False,False,False,False,False,140457.2421585201,2201.859202255,1654.20761452,547.651587735,0.7512776533694202,0.2487223466305798,True,False,True
Torrance,190005.0,45511.0,3276.0,403.0,43736.0,589.0,444.0,5748.0,22047.0,44325.0,6595.0,23.95,1.72,0.21,23.02,0.31,0.23,3.02,11.6,23.33,3.47,76.05,True,False,False,False,False,False,False,False,False,93711.05147826526,45388.45203896601,25859.24056339201,19529.211475574,0.5697317137229495,0.4302682862770504,True,False,True
Tujunga,42982.0,7582.0,133.0,16.0,1269.0,3.0,49.0,389.0,3539.0,1272.0,454.0,17.64,0.31,0.04,2.95,0.01,0.11,0.9,8.23,2.96,1.06,82.36,True,False,False,False,False,False,False,False,False,63688.25302509636,4827.650045659796,2712.633918563457,2115.016127096339,0.5618953099142299,0.4381046900857701,True,False,False
Tujunga Canyons,69004.0,4392.0,208.0,44.0,730.0,3.0,12.0,240.0,1513.0,733.0,296.0,6.36,0.3,0.06,1.06,0.0,0.02,0.35,2.19,1.06,0.43,93.64,True,False,False,False,False,False,False,False,False,109367.50241942158,2237.9030670812,1932.0031846826,305.8998823986,0.8633095924044771,0.1366904075955228,True,False,True
Unincorporated Catalina Island,4167.0,135.0,2.0,0.0,2.0,7.0,0.0,4.0,124.0,9.0,4.0,3.24,0.05,0.0,0.05,0.16,0.0,0.09,2.97,0.21,0.09,96.76,True,False,False,False,False,False,False,False,False,71864.65189258498,94.751099762,25.487993718,69.263106044,0.2689994499485691,0.7310005500514308,False,True,True
Unincorporated Santa Monica Mountains,19789.0,8774.0,298.0,38.0,675.0,0.0,6.0,308.0,1043.0,675.0,353.0,44.34,1.51,0.19,3.41,0.0,0.03,1.56,5.27,3.41,1.78,55.66,True,False,False,False,False,False,False,False,False,132360.90758320352,4195.202917614,3040.597753996,1154.605163618,0.7247796623209167,0.2752203376790831,True,False,True
Unincorporated Santa Susana Mountains,90376.0,7966.0,400.0,7.0,2967.0,19.0,0.0,1113.0,4212.0,2986.0,1120.0,8.81,0.44,0.01,3.28,0.02,0.0,1.23,4.66,3.3,1.24,91.19,True,False,False,False,False,False,False,False,False,117756.311538619,5290.959367424,3919.738433146,1371.220934278,0.7408369940014103,0.2591630059985896,True,False,True
Universal City,15148.0,4.0,0.0,0.0,1.0,0.0,0.0,0.0,1.0,1.0,0.0,0.03,0.0,0.0,0.0,0.0,0.0,0.0,0.01,0.0,0.0,99.97,True,False,False,False,False,False,False,False,False,,3.3909237255,0.9951352235,2.3957885020000003,0.2934702470646888,0.7065297529353113,False,True,False
University Park,37624.0,6426.0,1649.0,24.0,6359.0,71.0,95.0,708.0,8934.0,6429.0,827.0,17.08,4.38,0.06,16.9,0.19,0.25,1.88,23.75,17.09,2.2,82.92,True,False,False,False,False,False,False,False,False,22588.94479606776,5568.724103453,546.3969182129999,5022.32718524,0.0981188703304937,0.9018811296695064,False,True,False
Val Verde,3381.0,44.0,3.0,0.0,4.0,0.0,0.0,1.0,85.0,4.0,1.0,1.31,0.08,0.0,0.11,0.0,0.0,0.04,2.5,0.11,0.04,98.69,True,False,False,False,False,False,False,False,False,90518.70289855072,36.951351765,30.812985133,6.138366632,0.8338797814207651,0.1661202185792349,True,False,True
Valinda,48341.0,704.0,335.0,20.0,2801.0,11.0,102.0,90.0,11167.0,2812.0,212.0,1.46,0.69,0.04,5.79,0.02,0.21,0.19,23.1,5.82,0.44,98.54,True,False,False,False,False,False,False,False,False,88039.40687732681,3295.253401286,2387.377786272,907.875615014,0.7244898936574364,0.2755101063425635,True,False,True
Valley Glen,108255.0,28055.0,2236.0,67.0,2864.0,2.0,216.0,1210.0,23973.0,2866.0,1492.0,25.92,2.07,0.06,2.65,0.0,0.2,1.12,22.14,2.65,1.38,74.08,True,False,False,False,False,False,False,False,False,53506.04809280066,20855.576772357,7058.921796627,13796.65497573,0.3384668702130185,0.6615331297869815,False,True,False
Valley Village,55011.0,16065.0,1506.0,45.0,1560.0,20.0,53.0,1002.0,5017.0,1580.0,1099.0,29.2,2.74,0.08,2.84,0.04,0.1,1.82,9.12,2.87,2.0,70.8,True,False,False,False,False,False,False,False,False,72336.43376834833,11425.217345997,3489.387513186,7935.829832810999,0.3054110401154478,0.6945889598845522,False,True,True
Van Nuys,147518.0,23750.0,4928.0,132.0,7434.0,32.0,431.0,1518.0,64272.0,7466.0,2081.0,16.1,3.34,0.09,5.04,0.02,0.29,1.03,43.57,5.06,1.41,83.9,True,False,False,False,False,False,False,False,False,48064.82067931957,34249.604872734,8242.67559585,26006.929276884,0.2406648376376443,0.7593351623623555,False,True,False
Venice,49904.0,15951.0,1281.0,45.0,979.0,0.0,112.0,724.0,4705.0,979.0,881.0,31.96,2.57,0.09,1.96,0.0,0.22,1.45,9.43,1.96,1.76,68.04,True,False,False,False,False,False,False,False,False,104620.1395706662,12167.856558636,4222.393958041,7945.462600595,0.347012141184735,0.652987858815265,False,True,True
Vermont Knolls,28578.0,155.0,5517.0,46.0,127.0,0.0,4.0,129.0,9664.0,127.0,178.0,0.54,19.31,0.16,0.45,0.0,0.01,0.45,33.82,0.45,0.62,99.46,True,False,False,False,False,False,False,False,False,37315.79556807733,4654.181325654,1226.677717016,3427.503608638,0.2635646596436869,0.7364353403563131,False,True,False
Vermont Square,71469.0,983.0,13503.0,56.0,724.0,0.0,393.0,405.0,37246.0,724.0,854.0,1.38,18.89,0.08,1.01,0.0,0.55,0.57,52.11,1.01,1.19,98.62,True,False,False,False,False,False,False,False,True,41822.928950317015,14214.295664493,4898.36678296,9315.928881533,0.3446084771682365,0.6553915228317635,False,True,False
Vermont Vista,50330.0,210.0,6819.0,44.0,134.0,8.0,52.0,224.0,13836.0,142.0,320.0,0.42,13.55,0.09,0.27,0.02,0.1,0.45,27.49,0.28,0.64,99.58,True,False,False,False,False,False,False,False,False,36961.47608893217,5893.102100477,2467.216824808,3425.8852756690003,0.4186618155840704,0.5813381844159295,False,True,False
Vermont-Slauson,47350.0,301.0,5715.0,20.0,236.0,0.0,48.0,192.0,19260.0,236.0,261.0,0.64,12.07,0.04,0.5,0.0,0.1,0.41,40.68,0.5,0.55,99.36,True,False,False,False,False,False,False,False,False,37423.4230406237,6974.129774801,2503.730252493,4470.399522308,0.3590025326944022,0.6409974673055978,False,True,False
Vernon,46906.0,22.0,33.0,10.0,3.0,0.0,0.0,3.0,372.0,3.0,13.0,0.05,0.07,0.02,0.01,0.0,0.0,0.01,0.79,0.01,0.03,99.95,True,False,False,False,False,False,False,False,False,43924.70186780773,127.722663287805,40.97189729100079,86.7507659968042,0.3207879967134446,0.6792120032865553,False,True,False
Veterans Administration,33014.0,401.0,232.0,0.0,122.0,0.0,0.0,51.0,282.0,122.0,51.0,1.21,0.7,0.0,0.37,0.0,0.0,0.15,0.85,0.37,0.16,98.79,True,False,False,False,False,False,False,False,False,45274.21909514033,68.1737095265,16.9884464145,51.185263112,0.2491935165695563,0.7508064834304436,False,True,False
View Park-Windsor Hills,45365.0,739.0,9186.0,82.0,277.0,18.0,52.0,480.0,948.0,295.0,615.0,1.63,20.25,0.18,0.61,0.04,0.12,1.06,2.09,0.65,1.36,98.37,True,False,False,False,False,False,False,False,False,91812.99863970044,4847.4856601970005,3641.500140295,1205.985519902,0.7512142161029127,0.2487857838970872,True,False,True
Vincent,38110.0,708.0,114.0,5.0,872.0,7.0,4.0,117.0,4579.0,878.0,126.0,1.86,0.3,0.01,2.29,0.02,0.01,0.31,12.02,2.31,0.33,98.14,True,False,False,False,False,False,False,False,False,82025.50834868819,1765.314576992652,1225.3070334494,540.0075435432519,0.6941012380562811,0.3058987619437188,True,False,True
Walnut,65437.0,2600.0,940.0,14.0,14384.0,107.0,14.0,454.0,5093.0,14491.0,482.0,3.97,1.44,0.02,21.98,0.16,0.02,0.69,7.78,22.14,0.74,96.03,True,False,False,False,False,False,False,False,False,106732.12948817894,7147.8926348,5934.125962712,1213.766672088,0.8301923749975351,0.169807625002465,True,False,True
Walnut Park,35505.0,95.0,7.0,0.0,115.0,0.0,29.0,18.0,11045.0,115.0,47.0,0.27,0.02,0.0,0.32,0.0,0.08,0.05,31.11,0.32,0.13,99.73,True,False,False,False,False,False,False,False,False,53750.32033633431,2730.188889052,1324.459567684,1405.729321368,0.4851164595222898,0.5148835404777102,False,True,False
Watts,54967.0,379.0,8486.0,282.0,93.0,0.0,51.0,128.0,27527.0,93.0,460.0,0.69,15.44,0.51,0.17,0.0,0.09,0.23,50.08,0.17,0.84,99.31,True,False,False,False,False,False,False,False,True,31119.672747601253,8685.081318219,3129.757481504,5555.323836715,0.3603601816529453,0.6396398183470547,False,True,False
West Adams,43810.0,1269.0,4899.0,16.0,749.0,49.0,131.0,176.0,13049.0,798.0,323.0,2.9,11.18,0.04,1.71,0.11,0.3,0.4,29.79,1.82,0.74,97.1,True,False,False,False,False,False,False,False,False,44213.5343317673,7199.883339453,2551.790466257,4648.092873196,0.3544210851687033,0.6455789148312967,False,True,False
West Carson,48734.0,3592.0,2218.0,11.0,7821.0,69.0,239.0,560.0,7582.0,7890.0,811.0,7.37,4.55,0.02,16.05,0.14,0.49,1.15,15.56,16.19,1.66,92.63,True,False,False,False,False,False,False,False,False,73836.61229964576,7485.151905802068,5386.513125590041,2098.638780212026,0.7196264275431364,0.2803735724568636,True,False,True
West Compton,17484.0,60.0,1197.0,0.0,57.0,0.0,0.0,78.0,1717.0,57.0,78.0,0.34,6.84,0.0,0.33,0.0,0.0,0.45,9.82,0.33,0.45,99.66,True,False,False,False,False,False,False,False,False,53593.302423236855,877.9805674130001,602.584794653,275.39577276,0.6863304462746104,0.3136695537253895,True,False,False
West Covina,170844.0,9609.0,3049.0,111.0,23498.0,277.0,192.0,1515.0,45748.0,23775.0,1818.0,5.62,1.78,0.07,13.75,0.16,0.11,0.89,26.78,13.92,1.06,94.38,True,False,False,False,False,False,False,False,False,84362.6882510079,23624.000795021,15024.873104325,8599.127690696,0.6360003639811782,0.3639996360188217,True,False,True
West Hills,78460.0,24568.0,1459.0,55.0,6349.0,2.0,198.0,1748.0,6175.0,6350.0,2001.0,31.31,1.86,0.07,8.09,0.0,0.25,2.23,7.87,8.09,2.55,68.69,True,False,False,False,False,False,False,False,False,115745.89314996183,13299.756073355,11262.465796636,2037.290276719,0.8468174705248507,0.1531825294751494,True,False,True
West Hollywood,68333.0,23496.0,1227.0,47.0,1692.0,99.0,71.0,1299.0,3360.0,1791.0,1417.0,34.39,1.8,0.07,2.48,0.14,0.1,1.9,4.92,2.62,2.07,65.61,True,False,False,False,False,False,False,False,False,74189.2500146385,20195.867138003003,3562.3303631360004,16633.536774867,0.1763890769727181,0.8236109230272817,False,True,True
West Los Angeles,32198.0,9003.0,498.0,0.0,2303.0,25.0,0.0,759.0,867.0,2328.0,759.0,27.96,1.55,0.0,7.15,0.08,0.0,2.36,2.69,7.23,2.36,72.04,True,False,False,False,False,False,False,False,False,102092.86330803065,5800.174470099,2628.01250311,3172.161966989,0.4530919745014401,0.5469080254985599,False,True,True
West Puente Valley,51672.0,567.0,209.0,0.0,2212.0,98.0,76.0,84.0,12007.0,2310.0,160.0,1.1,0.4,0.0,4.28,0.19,0.15,0.16,23.24,4.47,0.31,98.9,True,False,False,False,False,False,False,False,False,73266.48554708024,3464.197397191,2548.014753244,916.182643947,0.7355281645642071,0.2644718354357928,True,False,True
West San Dimas,15392.0,203.0,11.0,0.0,63.0,1.0,0.0,26.0,111.0,64.0,26.0,1.32,0.07,0.0,0.41,0.01,0.0,0.17,0.72,0.41,0.17,98.68,True,False,False,False,False,False,False,False,False,132321.6641901359,140.81097328899995,126.521296251,14.289677038,0.898518725464159,0.1014812745358411,True,False,True
West Whittier-Los Nietos,47543.0,831.0,96.0,139.0,320.0,0.0,0.0,54.0,13186.0,320.0,193.0,1.75,0.2,0.29,0.67,0.0,0.0,0.11,27.74,0.67,0.41,98.25,True,False,False,False,False,False,False,False,False,75982.08220207365,3802.512852155,2621.602478328,1180.910373827,0.6894394786443018,0.3105605213556983,True,False,True
Westchester,104900.0,12759.0,4045.0,12.0,4059.0,78.0,208.0,1693.0,5742.0,4137.0,1913.0,12.16,3.86,0.01,3.87,0.07,0.2,1.61,5.47,3.94,1.82,87.84,True,False,False,False,False,False,False,False,False,105547.32242481942,10854.9800555829,4674.8486156233,6180.131439959599,0.4306639525531828,0.5693360474468171,False,True,True
Westlake,146405.0,8128.0,5537.0,198.0,20546.0,240.0,175.0,1398.0,76166.0,20786.0,1772.0,5.55,3.78,0.14,14.03,0.16,0.12,0.95,52.02,14.2,1.21,94.45,True,False,False,False,False,False,False,False,True,37425.36453346535,39646.169764259,1824.498847429,37821.67091683,0.0460195488814605,0.9539804511185396,False,True,False
Westlake Village,15280.0,4984.0,143.0,0.0,363.0,0.0,11.0,180.0,492.0,363.0,191.0,32.62,0.93,0.0,2.37,0.0,0.07,1.18,3.22,2.37,1.25,67.38,True,False,False,False,False,False,False,False,False,134942.6351533727,2455.782386339,2047.555358442,408.227027897,0.8337690545514616,0.1662309454485385,True,False,True
Westmont,79767.0,434.0,14167.0,30.0,83.0,0.0,83.0,320.0,20202.0,83.0,433.0,0.54,17.76,0.04,0.1,0.0,0.1,0.4,25.33,0.1,0.54,99.46,True,False,False,False,False,False,False,False,False,38387.53140470888,10774.426268182,3077.219838719,7697.206429463,0.2856040555780079,0.7143959444219921,False,True,False
Westwood,80557.0,24659.0,1598.0,60.0,14540.0,95.0,130.0,2772.0,6495.0,14635.0,2962.0,30.61,1.98,0.07,18.05,0.12,0.16,3.44,8.06,18.17,3.68,69.39,True,False,False,False,False,False,False,False,False,72680.9738808903,15604.26682850976,4805.38434767328,10798.88248083648,0.3079532284652815,0.6920467715347185,False,True,True
Whittier,103576.0,14885.0,728.0,196.0,3436.0,17.0,536.0,724.0,38969.0,3453.0,1456.0,14.37,0.7,0.19,3.32,0.02,0.52,0.7,37.62,3.33,1.41,85.63,True,False,False,False,False,False,False,False,False,75139.82817059006,19540.15532628111,11610.010191167445,7930.145135113669,0.5941616121931342,0.4058383878068659,True,False,True
Whittier Narrows,22002.0,321.0,34.0,13.0,773.0,0.0,1.0,12.0,3851.0,773.0,26.0,1.46,0.15,0.06,3.52,0.0,0.0,0.06,17.5,3.52,0.12,98.54,True,False,False,False,False,False,False,False,False,65263.03393264962,1358.715466119,993.183626982,365.531839137,0.7309724896404574,0.2690275103595426,True,False,False
Willowbrook,90832.0,434.0,10500.0,235.0,320.0,5.0,46.0,355.0,26166.0,325.0,635.0,0.48,11.56,0.26,0.35,0.01,0.05,0.39,28.81,0.36,0.7,99.52,True,False,False,False,False,False,False,False,False,51639.876787860216,9381.327527019756,4784.63048067493,4596.697046344825,0.5100163560961296,0.4899836439038704,True,False,False
Wilmington,82306.0,2709.0,1113.0,48.0,1340.0,153.0,29.0,378.0,38247.0,1493.0,455.0,3.29,1.35,0.06,1.63,0.19,0.03,0.46,46.47,1.81,0.55,96.71,True,False,False,False,False,False,False,False,False,51667.42492267339,11451.027025749012,4649.796537741,6801.230488008013,0.4060593453570036,0.5939406546429965,False,True,False
Windsor Square,18391.0,2168.0,295.0,0.0,2535.0,0.0,27.0,305.0,834.0,2535.0,333.0,11.79,1.6,0.0,13.78,0.0,0.15,1.66,4.54,13.78,1.81,88.21,True,False,False,False,False,False,False,False,False,80382.13954463328,2428.841260673,914.732926935,1514.108333738,0.3766128901653868,0.6233871098346133,False,True,True
Winnetka,82448.0,11860.0,1755.0,50.0,7389.0,97.0,288.0,958.0,22063.0,7485.0,1296.0,14.39,2.13,0.06,8.96,0.12,0.35,1.16,26.76,9.08,1.57,85.61,True,False,False,False,False,False,False,False,False,67422.45284961048,13415.912410138,6697.028486518,6718.88392362,0.4991854658694147,0.5008145341305853,False,True,False
Woodland Hills,112794.0,37980.0,2639.0,96.0,6562.0,62.0,251.0,2050.0,7458.0,6624.0,2396.0,33.67,2.34,0.09,5.82,0.06,0.22,1.82,6.61,5.87,2.12,66.33,True,False,False,False,False,False,False,False,False,102965.79997660664,22578.536330576,13247.008484036,9331.52784654,0.586708026157427,0.413291973842573,True,False,True
